FILENAME,URL,URLLength,Domain,DomainLength,IsDomainIP,TLD,URLSimilarityIndex,CharContinuationRate,TLDLegitimateProb,URLCharProb,TLDLength,NoOfSubDomain,HasObfuscation,NoOfObfuscatedChar,ObfuscationRatio,NoOfLettersInURL,LetterRatioInURL,NoOfDegitsInURL,DegitRatioInURL,NoOfEqualsInURL,NoOfQMarkInURL,NoOfAmpersandInURL,NoOfOtherSpecialCharsInURL,SpacialCharRatioInURL,IsHTTPS,LineOfCode,LargestLineLength,HasTitle,Title,DomainTitleMatchScore,URLTitleMatchScore,HasFavicon,Robots,IsResponsive,NoOfURLRedirect,NoOfSelfRedirect,HasDescription,NoOfPopup,NoOfiFrame,HasExternalFormSubmit,HasSocialNet,HasSubmitButton,HasHiddenFields,HasPasswordField,Bank,Pay,Crypto,HasCopyrightInfo,NoOfImage,NoOfCSS,NoOfJS,NoOfSelfRef,NoOfEmptyRef,NoOfExternalRef,label
3bc5990dd49f700ebe082c4f6f2b3dce651fd565.html,https://curved-pager-squeaking.on-fleek.app/yxmerhivmibwai2.html,64,on-fleek.app,12,0,app,0.0,0.06349206349206349,0.5,-291.44812106243467,3,1,1,3,0.046875,53,0.828125,1,0.015625,0,0,0,0,0.15625,1,393,142336,1,Webmail,0.0,0.0,1,0,1,0,0,0,0,1,0,0,0,0,0,0,0,0,0,3,1,4,0,0,0,
24e64c9c313a82cd2cb75e2f19c9713b7f7cab12.html,https://curved-pager-squeaking.on-fleek.app/yxmerhivmibwai3.html,64,on-fleek.app,12,0,app,0.0,0.06349206349206349,0.5,-291.44812106243467,3,1,1,3,0.046875,53,0.828125,1,0.015625,0,0,0,0,0.15625,1,393,142336,1,Webmail,0.0,0.0,1,0,1,0,0,0,0,1,0,0,0,0,0,0,0,0,0,3,1,4,0,0,0,
6c10333147e4181fbb2ffa4f17da75a7d970e2fb.html,http://app.bnb-audit.com/,25,bnb-audit.com,13,0,com,0.0,0.125,0.5,-113.84692229001348,3,1,1,3,0.12,18,0.72,0,0.0,0,0,0,0,0.28,0,0,0,0,,0.0,0.0,0,0,0,0,0,0,0,0,0,0,0,0,0,0,0,0,0,0,0,0,0,0,0,
569a0046a9992c32487cd6fb4cf31ab212138680.html,https://bnb-audit.com/,22,bnb-audit.com,13,0,com,0.0,0.09523809523809523,0.5,-100.18529161521187,3,0,1,3,0.13636363636363635,16,0.7272727272727273,0,0.0,0,0,0,0,0.2727272727272727,1,0,0,0,,0.0,0.0,0,0,0,0,0,0,0,0,0,0,0,0,0,0,0,0,0,0,0,0,0,0,0,
e32df1c6c1bd5bdc8271c415440dae1c113a18f3.html,https://how-minecraft.ru/bl.html,32,how-minecraft.ru,16,0,ru,0.0,0.06451612903225806,0.5,-145.72406053121725,2,0,1,3,0.09375,25,0.78125,0,0.0,0,0,0,0,0.21875,1,31,248953,0,,0.0,0.0,0,0,0,0,0,0,0,0,0,0,0,0,0,0,0,0,0,0,0,2,0,0,0,
7a91ceae989cf3e3af2b7d0c4e59966a656e5a1a.html,http://gas33slot.com/wp-admin/wx.htm,36,gas33slot.com,13,0,com,0.0,0.08571428571428572,0.5,-163.9395680976194,3,0,1,3,0.08333333333333333,26,0.7222222222222222,2,0.05555555555555555,0,0,0,0,0.2222222222222222,0,1,78,0,,0.0,0.0,0,0,0,0,0,0,0,0,0,0,0,0,0,0,0,0,0,0,0,0,0,0,0,
55da0d8258d3bb23b33200499731ebdcd57bce42.html,https://aumail7.sspl.com.auaumail7.sspl.com.aumail7.sspl.com.au/mobile/front/,77,sspl.com.au,11,0,com.au,0.0,0.06578947368421052,0.5,-350.64852065324203,6,7,1,3,0.03896103896103896,59,0.7662337662337663,3,0.03896103896103896,0,0,0,0,0.19480519480519481,1,0,0,0,,0.0,0.0,0,0,0,0,0,0,0,0,0,0,0,0,0,0,0,0,0,0,0,0,0,0,0,
59b3314f9a9d6ad20bb2bbac2a76a8da8c9d53d5.html,https://com.aumail7.sspl.com.auwww.mail7.sspl.com.aucom.auwww.mail7.sspl.com.auwww.sspl.com.aumail7.sspl.com.auwww.mail7.sspl.com.au/mobile/front,145,sspl.com.au,11,0,com.au,0.0,0.1111111111111111,0.5,-660.3121492820806,6,21,1,3,0.020689655172413793,112,0.7724137931034483,5,0.034482758620689655,0,0,0,0,0.19310344827586207,1,0,0,0,,0.0,0.0,0,0,0,0,0,0,0,0,0,0,0,0,0,0,0,0,0,0,0,0,0,0,0,
df658f31519904dc19ee102563bd836d02936a4d.html,https://com.aumail7.sspl.com.aumail7.sspl.com.aucom.aumail7.sspl.com.ausspl.com.aumail7.sspl.com.aumail7.sspl.com.au/mobile/front/,130,sspl.com.au,11,0,com.au,0.0,0.06201550387596899,0.5,-592.003995908072,6,17,1,3,0.023076923076923078,100,0.7692307692307693,5,0.038461538461538464,0,0,0,0,0.19230769230769232,1,0,0,0,,0.0,0.0,0,0,0,0,0,0,0,0,0,0,0,0,0,0,0,0,0,0,0,0,0,0,0,
926766f0f703a3617fbf0c8a33f1a4e63102b061.html,https://auwww.aumail7.sspl.com.auwww.mail7.sspl.com.auwww.sspl.com.aumail7.sspl.com.auwww.mail7.sspl.com.au/mobile/front,120,sspl.com.au,11,0,com.au,0.0,0.12605042016806722,0.5,-546.4652269920664,6,16,1,3,0.025,93,0.775,4,0.03333333333333333,0,0,0,0,0.19166666666666668,1,0,0,0,,0.0,0.0,0,0,0,0,0,0,0,0,0,0,0,0,0,0,0,0,0,0,0,0,0,0,0,
45238cca52398d6f22eaaaed7e100d35bc0f63d2.html,https://auwww.mail7.sspl.com.auwww.sspl.com.auwww.mail7.sspl.com.aucom.auwww.mail7.sspl.com.auwww.sspl.com.aumail7.sspl.com.auwww.mail7.sspl.com.au/mobile/front,160,sspl.com.au,11,0,com.au,0.0,0.1320754716981132,0.5,-728.620302656089,6,24,1,3,0.01875,124,0.775,5,0.03125,0,0,0,0,0.19375,1,0,0,0,,0.0,0.0,0,0,0,0,0,0,0,0,0,0,0,0,0,0,0,0,0,0,0,0,0,0,0,
8ee3fbc145a37c86940ab85daf4a4933d5209935.html,https://com.auaumx2.sspl.com.aucom.auaumx2.sspl.com.auaumx2.sspl.com.auaumx2.sspl.com.aucom.auaumx2.sspl.com.aucom.auaumx2.sspl.com.auaumx2.sspl.com.auaumx2.sspl.com.au/mobile/login/,182,sspl.com.au,11,0,com.au,0.0,0.055248618784530384,0.5,-828.8055942713015,6,26,1,3,0.016483516483516484,140,0.7692307692307693,8,0.04395604395604396,0,0,0,0,0.18681318681318682,1,0,0,0,,0.0,0.0,0,0,0,0,0,0,0,0,0,0,0,0,0,0,0,0,0,0,0,0,0,0,0,
e7592f4d140da1774c219646791efdb8b9616aae.html,https://auwww.aumail7.sspl.com.auwww.mail7.sspl.com.auwww.sspl.com.aumail7.sspl.com.auwww.mail7.sspl.com.au/mobile/login/,121,sspl.com.au,11,0,com.au,0.0,0.125,0.5,-551.019103883667,6,16,1,3,0.024793388429752067,93,0.768595041322314,4,0.03305785123966942,0,0,0,0,0.19834710743801653,1,0,0,0,,0.0,0.0,0,0,0,0,0,0,0,0,0,0,0,0,0,0,0,0,0,0,0,0,0,0,0,
b9759464e7ae7832fa0c47f407c8afb651016948.html,https://aucom.auaumx2.sspl.com.auwww.com.auaumx2.sspl.com.auwww.aumx2.sspl.com.auaumx2.sspl.com.au/mobile/login/,112,sspl.com.au,11,0,com.au,0.0,0.09009009009009009,0.5,-510.03421185926186,6,14,1,3,0.026785714285714284,86,0.7678571428571429,4,0.03571428571428571,0,0,0,0,0.19642857142857142,1,0,0,0,,0.0,0.0,0,0,0,0,0,0,0,0,0,0,0,0,0,0,0,0,0,0,0,0,0,0,0,
694f461b3133236bfcfc933268ea79d85fc364d4.html,https://com.auwww.com.auwww.live.sspl.com.au/mobile/front/,58,sspl.com.au,11,0,com.au,0.0,0.12280701754385964,0.5,-264.12485971283127,6,5,1,3,0.05172413793103448,45,0.7758620689655172,0,0.0,0,0,0,0,0.22413793103448276,1,0,0,0,,0.0,0.0,0,0,0,0,0,0,0,0,0,0,0,0,0,0,0,0,0,0,0,0,0,0,0,
79b8f47496244204e1e8b82d9ed2f89122027dd7.html,http://meta-xilvyn.pages.dev/,29,pages.dev,9,0,dev,0.0,0.07142857142857142,0.5,-132.06242985641563,3,1,1,3,0.10344827586206896,22,0.7586206896551724,0,0.0,0,0,0,0,0.2413793103448276,0,0,0,0,,0.0,0.0,0,0,0,0,0,0,0,0,0,0,0,0,0,0,0,0,0,0,0,0,0,0,0,
e97c697b1cc41302bd509c6efa325bde650fcf4a.html,http://meta-emissary.pages.dev/,31,pages.dev,9,0,dev,0.0,0.1,0.5,-141.1701836396167,3,1,1,3,0.0967741935483871,24,0.7741935483870968,0,0.0,0,0,0,0,0.22580645161290322,0,0,0,0,,0.0,0.0,0,0,0,0,0,0,0,0,0,0,0,0,0,0,0,0,0,0,0,0,0,0,0,
666bd3371c6b4503e8e3c155d91e31b269d4cc67.html,https://www.ptjh-wahtsapp.com/,30,ptjh-wahtsapp.com,17,0,com,0.0,0.1724137931034483,0.5,-136.61630674801617,3,1,1,3,0.1,23,0.7666666666666667,0,0.0,0,0,0,0,0.23333333333333334,1,427,630,1,WhatsApp 官网| 聊天备份与恢复技巧：不再丢失重要信息,0.0,0.0,0,0,0,0,0,1,0,0,0,0,1,1,0,0,0,0,1,14,1,3,1,2,5,
5093786ffb5236d9a20a2eb098a07031547855ba.html,http://www.i9hhk79i-trezor.vercel.app/,38,vercel.app,10,0,app,0.0,0.16216216216216217,0.5,-173.04732188082048,3,2,1,3,0.07894736842105263,27,0.7105263157894737,3,0.07894736842105263,0,0,0,0,0.21052631578947367,0,0,0,0,,0.0,0.0,0,0,0,0,0,0,0,0,0,0,0,0,0,0,0,0,0,0,0,0,0,0,0,
e2eb39735f7de669a4a07888f1e6f7fd16ab2ed0.html,https://www.market.dratassianaalves.com.br/,43,dratassianaalves.com.br,23,0,com.br,0.0,0.14285714285714285,0.5,-195.81670633882317,6,2,1,3,0.06976744186046512,35,0.813953488372093,0,0.0,0,0,0,0,0.18604651162790697,1,0,0,0,,0.0,0.0,0,0,0,0,0,0,0,0,0,0,0,0,0,0,0,0,0,0,0,0,0,0,0,
d31dd24362c301f80f75d00cf9ffef12bb75929c.html,https://www.alumabrtemany.digital/,34,alumabrtemany.digital,21,0,digital,0.0,0.12121212121212122,0.5,-154.83181431441832,7,1,1,3,0.08823529411764706,28,0.8235294117647058,0,0.0,0,0,0,0,0.17647058823529413,1,174,137,1,WhatsApp Bot,0.0,0.0,1,0,1,0,0,0,0,0,0,0,1,1,0,0,0,0,0,1,5,11,0,0,0,
7204b73420b4481ccb115aeddc0c97561c43ade6.html,https://448620.com/Phishing,27,448620.com,10,0,com,0.0,0.11538461538461539,0.5,-122.95467607321456,3,0,1,3,0.1111111111111111,16,0.5925925925925926,6,0.2222222222222222,0,0,0,0,0.18518518518518517,1,0,0,0,,0.0,0.0,0,0,0,0,0,0,0,0,0,0,0,0,0,0,0,0,0,0,0,0,0,0,0,
7117a586413ba0177fc5b8bd346ca1ffa012b34b.html,https://business-for-clarvion.pages.dev/,40,pages.dev,9,0,dev,0.0,0.07692307692307693,0.5,-182.15507566402155,3,1,1,3,0.075,32,0.8,0,0.0,0,0,0,0,0.2,1,0,0,0,,0.0,0.0,0,0,0,0,0,0,0,0,0,0,0,0,0,0,0,0,0,0,0,0,0,0,0,
38b0082d0b9519bc16febe91f27b43866a75190d.html,https://business-for-performance-catalyst-center.pages.dev/,59,pages.dev,9,0,dev,0.0,0.05172413793103448,0.5,-268.67873660443183,3,1,1,3,0.05084745762711865,49,0.8305084745762712,0,0.0,0,0,0,0,0.1694915254237288,1,0,0,0,,0.0,0.0,0,0,0,0,0,0,0,0,0,0,0,0,0,0,0,0,0,0,0,0,0,0,0,
381b41e3c8b36c802afc10902cf703312041d396.html,http://372656135051488813789482033989mjrfadimxatvapj.adelon.com.br/,67,adelon.com.br,13,0,com.br,0.0,0.07575757575757576,0.5,-305.10975173723637,6,1,1,3,0.04477611940298507,30,0.44776119402985076,30,0.44776119402985076,0,0,0,0,0.1044776119402985,0,85,131,1,Outlook,0.0,0.0,0,0,0,0,0,0,0,0,0,0,0,0,0,0,0,0,0,0,0,1,0,0,0,
77f7899c400bad5180c4ccc689767bf0e17df2dc.html,https://ipfs.io/ipfs/bafybeibvzu52qfdgathxv4jnok34vgz5bb3q6isjsqa6jlpuzopuzxbfse/,81,ipfs.io,7,0,io,0.3333333333333333,0.0375,0.5,-368.8640282196443,2,0,1,3,0.037037037037037035,65,0.8024691358024691,9,0.1111111111111111,0,0,0,0,0.08641975308641975,1,1203,123064,1,The Courier Guy,0.0,0.0,1,1,1,0,0,0,0,4,0,0,1,0,0,0,1,0,0,6,8,12,6,6,0,
3a14468a8114ec9846066688fa634e1974024464.html,https://airbnb-reservations-rooms-31377018-properties.projedekorasyon.com.tr/login.html,87,projedekorasyon.com.tr,22,0,com.tr,0.0,0.046511627906976744,0.5,-396.1872895692477,6,1,1,3,0.034482758620689655,67,0.7701149425287356,8,0.09195402298850575,0,0,0,0,0.13793103448275862,1,0,0,0,,0.0,0.0,0,0,0,0,0,0,0,0,0,0,0,0,0,0,0,0,0,0,0,0,0,0,0,
4b2738883f50292d79f6c70260de38a954b9a3d9.html,https://airbnb-reservations-rooms-31377018-properties.projedekorasyon.com.tr/login_email.html,93,projedekorasyon.com.tr,22,0,com.tr,0.0,0.043478260869565216,0.5,-423.5105509188511,6,1,1,3,0.03225806451612903,72,0.7741935483870968,8,0.08602150537634409,0,0,0,0,0.13978494623655913,1,0,0,0,,0.0,0.0,0,0,0,0,0,0,0,0,0,0,0,0,0,0,0,0,0,0,0,0,0,0,0,
087e07ccf2fc3fcb6f4df4260a4ca7a21c99f876.html,https://auth.properties/daftkNJwgEZJA2bf9g?/tasks/aes-corporationhome/PlanViews/OtKjpJYAELPk?Type=AssignedTo&Channel=Email&CreatedTime=22102025&Exp=dnrt,152,auth.properties,15,0,properties,0.0,0.033112582781456956,0.5,-692.1892875232845,10,0,1,3,0.019736842105263157,123,0.8092105263157895,10,0.06578947368421052,4,2,3,0,0.125,1,1259,22967,1,Sign in to your Microsoft account,0.0,0.0,1,1,1,0,0,0,0,0,0,0,0,0,0,0,0,0,0,4,2,1,0,0,8,
7f84a7661c251bf48cc15416bed0d101640f0239.html,https://www.kkinstagram.com/reel/DPyldsmiH-P/,45,kkinstagram.com,15,0,com,0.0,0.13636363636363635,0.5,-204.92446012202424,3,1,1,3,0.06666666666666667,36,0.8,0,0.0,0,0,0,0,0.2,1,169,693,1,Instagram,0.0,0.0,1,0,1,1,1,0,2,0,0,0,0,0,0,0,0,0,0,1,1,4,0,0,0,
6546e0a54a2f8cbebfe60b9fc16ede42dead76d4.html,https://cobbeetty.top/Issue/index,33,cobbeetty.top,13,0,top,0.0,0.1875,0.5,-150.27793742281779,3,0,1,3,0.09090909090909091,27,0.8181818181818182,0,0.0,0,0,0,0,0.18181818181818182,1,0,0,0,,0.0,0.0,0,0,0,0,0,0,0,0,0,0,0,0,0,0,0,0,0,0,0,0,0,0,0,
d269500b0f948f8acaa15eb7b5ced9253e6102e2.html,https://cobbeetty.top/Issue/details/Lang/en-us,46,cobbeetty.top,13,0,top,0.0,0.13333333333333333,0.5,-209.47833701362478,3,0,1,3,0.06521739130434782,37,0.8043478260869565,0,0.0,0,0,0,0,0.1956521739130435,1,0,0,0,,0.0,0.0,0,0,0,0,0,0,0,0,0,0,0,0,0,0,0,0,0,0,0,0,0,0,0,
164b53b533ebb3f4837ca652f56628a359acb97d.html,https://case10008nat66kzc19v1gaelluptf1ea41s.netlify.app/id/10008nat66kzc,73,netlify.app,11,0,app,0.0,0.1388888888888889,0.5,-332.43301308683976,3,1,1,3,0.0410958904109589,46,0.6301369863013698,20,0.273972602739726,0,0,0,0,0.0958904109589041,1,0,0,0,,0.0,0.0,0,0,0,0,0,0,0,0,0,0,0,0,0,0,0,0,0,0,0,0,0,0,0,
9bb37e8951612dfea3f9e0a34532aad59450e81a.html,https://case10008nat66kzc19v1gaelluptf1ea41s.netlify.app/id/10008NAT66KZC.html,78,netlify.app,11,0,app,0.0,0.12987012987012986,0.5,-355.2023975448426,3,1,1,3,0.038461538461538464,50,0.6410256410256411,20,0.2564102564102564,0,0,0,0,0.10256410256410256,1,0,0,0,,0.0,0.0,0,0,0,0,0,0,0,0,0,0,0,0,0,0,0,0,0,0,0,0,0,0,0,
f0649ed2b58cbda98ef2da301d1410cba78471a3.html,http://www.tnnj-wahtsapp.com/,29,tnnj-wahtsapp.com,17,0,com,0.0,0.21428571428571427,0.5,-132.06242985641563,3,1,1,3,0.10344827586206896,22,0.7586206896551724,0,0.0,0,0,0,0,0.2413793103448276,0,427,589,1,whatsapp 网页版入口| 文件大小限制及优化建议：保持传输顺畅,0.0,0.0,0,0,0,1,1,1,0,0,0,0,1,1,0,0,0,0,1,14,1,3,1,2,5,
2620b351e71e7fc98b8b03d7ca7dc7a5759694f7.html,http://get-liveledgr-auth.pages.dev/,36,pages.dev,9,0,dev,0.0,0.05714285714285714,0.5,-163.9395680976194,3,1,1,3,0.08333333333333333,28,0.7777777777777778,0,0.0,0,0,0,0,0.2222222222222222,0,0,0,0,,0.0,0.0,0,0,0,0,0,0,0,0,0,0,0,0,0,0,0,0,0,0,0,0,0,0,0,
7775e52b29e9fd8982ddd663948bae8027de7344.html,http://support-livelgr-learn.pages.dev/,39,pages.dev,9,0,dev,0.0,0.07894736842105263,0.5,-177.60119877242101,3,1,1,3,0.07692307692307693,31,0.7948717948717948,0,0.0,0,0,0,0,0.20512820512820512,0,0,0,0,,0.0,0.0,0,0,0,0,0,0,0,0,0,0,0,0,0,0,0,0,0,0,0,0,0,0,0,
98312ec64f37b28717190ecf52ed9c6ead3cda20.html,https://www.prmbike.store/,26,prmbike.store,13,0,store,0.0,0.16,0.5,-118.40079918161402,5,1,1,3,0.11538461538461539,20,0.7692307692307693,0,0.0,0,0,0,0,0.23076923076923078,1,0,0,0,,0.0,0.0,0,0,0,0,0,0,0,0,0,0,0,0,0,0,0,0,0,0,0,0,0,0,0,
9a7b8864144aa42dc2d7c128bbe11ea384766046.html,http://meta-edge-33e.pages.dev/,31,pages.dev,9,0,dev,0.0,0.1,0.5,-141.1701836396167,3,1,1,3,0.0967741935483871,21,0.6774193548387096,2,0.06451612903225806,0,0,0,0,0.25806451612903225,0,0,0,0,,0.0,0.0,0,0,0,0,0,0,0,0,0,0,0,0,0,0,0,0,0,0,0,0,0,0,0,
dac54e74abc166cb9038ffc31d16bf5af7cdc46e.html,http://www.baucarshopee1439.weebly.com/,39,weebly.com,10,0,com,0.0,0.15789473684210525,0.5,-177.60119877242101,3,2,1,3,0.07692307692307693,28,0.717948717948718,4,0.10256410256410256,0,0,0,0,0.1794871794871795,0,570,2260,1,shopee - Home,0.0,0.0,0,0,1,2,2,0,0,0,1,0,1,1,0,1,0,0,0,4,16,27,1,1,1,
0ea0361cda46d9bc34c38a7b1b01b42dda4b48d3.html,http://www.zimbra-blue.vercel.app/,34,vercel.app,10,0,app,0.0,0.15151515151515152,0.5,-154.83181431441832,3,2,1,3,0.08823529411764706,26,0.7647058823529411,0,0.0,0,0,0,0,0.23529411764705882,0,0,0,0,,0.0,0.0,0,0,0,0,0,0,0,0,0,0,0,0,0,0,0,0,0,0,0,0,0,0,0,
50679eb8efaf9192fc95c89345c4d256db1f9a58.html,https://kkinstagram.com/post?target=instagram&shortcode=DP_NdUCjLfy&media_id=3746772603982624754,96,kkinstagram.com,15,0,com,0.0,0.042105263157894736,0.5,-437.1721815936528,3,0,1,3,0.03125,64,0.6666666666666666,19,0.19791666666666666,3,1,2,0,0.13541666666666666,1,169,693,1,Instagram,0.0,0.08333333333333333,1,0,1,0,0,0,2,0,0,0,0,0,0,0,0,0,0,1,1,4,0,0,0,
885035d69ac53b527c4e3f0fc5fb976037cfeeb3.html,http://www.facebook-blog-com.blogspot.com.co/,45,blogspot.com.co,15,0,com.co,0.0,0.11363636363636363,0.5,-204.92446012202424,6,2,1,3,0.06666666666666667,35,0.7777777777777778,0,0.0,0,0,0,0,0.2222222222222222,0,1049,5172,1,Facebook,0.0,0.14285714285714285,1,0,1,1,1,0,6,0,0,1,0,0,0,0,0,0,0,4,6,13,0,0,71,
1657d8e3efa84008f5f1f4afa5ac06248436c165.html,https://accounts.soffttek.com/?rid=s6DSY7Z,42,soffttek.com,12,0,com,0.0,0.12195121951219512,0.5,-191.26282944722263,3,1,1,3,0.07142857142857142,32,0.7619047619047619,2,0.047619047619047616,1,1,0,0,0.19047619047619047,1,191,165,1,Microsoft Sign In,0.0,0.0,0,0,1,0,0,0,0,0,0,0,1,0,0,0,0,0,0,1,1,0,2,2,0,
56f1cf9c2a8dae4c21c71e658d543c68daa33831.html,https://kkinstagram.com/reel/DP_NdUCjLfy/?igsh=azIxbTAzZzk5cHln,63,kkinstagram.com,15,0,com,0.0,0.06451612903225806,0.5,-286.8942441708341,3,0,1,3,0.047619047619047616,52,0.8253968253968254,1,0.015873015873015872,1,1,0,0,0.15873015873015872,1,169,693,1,Instagram,0.0,0.0,1,0,1,1,1,0,2,0,0,0,0,0,0,0,0,0,0,1,1,4,0,0,0,
e752487bf6991146dcc705d5843e6961d9dbf214.html,https://www.superset.lectec.com.au/mobile/login/,48,lectec.com.au,13,0,com.au,0.0,0.0851063829787234,0.5,-218.58609079682586,6,2,1,3,0.0625,38,0.7916666666666666,0,0.0,0,0,0,0,0.20833333333333334,1,0,0,0,,0.0,0.0,0,0,0,0,0,0,0,0,0,0,0,0,0,0,0,0,0,0,0,0,0,0,0,
6de46cab89fe2e6396c92d79e226f632ec37dc1f.html,https://www.superset.lectec.com.au/mobile/front/,48,lectec.com.au,13,0,com.au,0.0,0.0851063829787234,0.5,-218.58609079682586,6,2,1,3,0.0625,38,0.7916666666666666,0,0.0,0,0,0,0,0.20833333333333334,1,0,0,0,,0.0,0.0,0,0,0,0,0,0,0,0,0,0,0,0,0,0,0,0,0,0,0,0,0,0,0,
762bbf51228e4140aa3ab82eb5602c9f31cb9396.html,https://business-for-advertisers-policy-customer.pages.dev/welcome,66,pages.dev,9,0,dev,0.0,0.046153846153846156,0.5,-300.5558748456358,3,1,1,3,0.045454545454545456,56,0.8484848484848485,0,0.0,0,0,0,0,0.15151515151515152,1,0,0,0,,0.0,0.0,0,0,0,0,0,0,0,0,0,0,0,0,0,0,0,0,0,0,0,0,0,0,0,
a831afc78035de17790034cd8fdff303f412217e.html,https://broad-byte-tiny.on-fleek.app/dtdszxjaqp1.html,53,on-fleek.app,12,0,app,0.0,0.07692307692307693,0.5,-241.35547525482855,3,1,1,3,0.05660377358490566,42,0.7924528301886793,1,0.018867924528301886,0,0,0,0,0.18867924528301888,1,393,141586,1,Webmail,0.0,0.0,1,0,1,0,0,0,0,1,0,0,0,0,0,0,0,0,0,3,1,4,0,0,0,
607e7437ffd75fbda6a9f017c4aeedda70071a83.html,https://kkinstagram.com/reel/DOE5XA9jFt7/?igsh=MXRvcjNmNnZwZWgxcg==,67,kkinstagram.com,15,0,com,0.0,0.07575757575757576,0.5,-305.10975173723637,3,0,1,3,0.04477611940298507,53,0.7910447761194029,3,0.04477611940298507,3,1,0,0,0.16417910447761194,1,169,693,1,Instagram,0.0,0.0,1,0,1,1,1,0,2,0,0,0,0,0,0,0,0,0,0,1,1,4,0,0,0,
8fd7bab7af3b0fd6d3869541ad41017f539ca224.html,https://eng-legrcom-lean.pages.dev/,35,pages.dev,9,0,dev,0.0,0.058823529411764705,0.5,-159.38569120601886,3,1,1,3,0.08571428571428572,27,0.7714285714285715,0,0.0,0,0,0,0,0.22857142857142856,1,0,0,0,,0.0,0.0,0,0,0,0,0,0,0,0,0,0,0,0,0,0,0,0,0,0,0,0,0,0,0,
a42361be65b177d4136425237f0508b3b4e1be69.html,https://blockbook.dash.zelcore.io/0,35,zelcore.io,10,0,io,0.0,0.08823529411764706,0.5,-159.38569120601886,2,2,1,3,0.08571428571428572,27,0.7714285714285715,1,0.02857142857142857,0,0,0,0,0.2,1,1,9095,1,Trezor Dash Explorer,0.0,0.125,0,0,1,0,0,1,0,0,0,0,1,0,0,0,0,0,0,0,2,3,0,0,7,
ccfeac960228e7c2978a6fb413018679d147d9cc.html,http://biz.028426.com/s/63BZGFSVBWSFCDX7Y9/584dd8/90eab167-7429-489f-99f6-ce86e8d0d81a,86,028426.com,10,0,com,0.0,0.047058823529411764,0.5,-391.63341267764713,3,1,1,3,0.03488372093023256,38,0.4418604651162791,35,0.4069767441860465,0,0,0,0,0.1511627906976744,0,101,417,1,Adobe-PDF Online,0.0,0.0,1,0,1,0,0,0,0,0,0,0,1,1,0,0,0,0,0,1,3,4,2,1,0,
7d0515a485753a69e8325e9a88542d12f49aa964.html,https://b25fff.com/fish/173/,28,b25fff.com,10,0,com,0.0,0.14814814814814814,0.5,-127.5085529648151,3,0,1,3,0.10714285714285714,16,0.5714285714285714,5,0.17857142857142858,0,0,0,0,0.25,1,1,134152,0,,0.0,0.0,1,0,0,0,0,0,0,0,0,0,0,0,0,0,0,0,0,0,0,4,0,0,0,
0a8d03979f2f5c238b0fa271b2287c9322c2f4e4.html,https://auth.properties/uyZp5jWIrW5H?/tasks/aes-corporationhome/PlanViews/OtKjpJYAELPk?Type=AssignedTo&Channel=Email&CreatedTime=22102025&Exp=dnrt,146,auth.properties,15,0,properties,0.0,0.034482758620689655,0.5,-664.8660261736811,10,0,1,3,0.02054794520547945,117,0.8013698630136986,10,0.0684931506849315,4,2,3,0,0.13013698630136986,1,1259,22967,1,Sign in to your Microsoft account,0.0,0.0,1,1,1,0,0,0,0,0,0,0,0,0,0,0,0,0,0,4,2,1,0,0,8,
d13dd6f8d596c6ee6afc14dd834ad7684bffe572.html,http://basicpension.028426.com/s/63BZGFSVBWSFCDX7Y9/584dd8/90eab167-7429-489f-99f6-ce86e8d0d81a,95,028426.com,10,0,com,0.0,0.0425531914893617,0.5,-432.6183047020522,3,1,1,3,0.031578947368421054,47,0.49473684210526314,35,0.3684210526315789,0,0,0,0,0.1368421052631579,0,101,417,1,Adobe-PDF Online,0.0,0.0,1,0,1,0,0,0,0,0,0,0,1,1,0,0,0,0,0,1,3,4,2,1,0,
c8a2d6afaa39a33844dac1be3365570fa1ba3ebb.html,http://www.admin.scotiaverificationregistry.com/,48,scotiaverificationregistry.com,30,0,com,0.0,0.0851063829787234,0.5,-218.58609079682586,3,2,1,3,0.0625,41,0.8541666666666666,0,0.0,0,0,0,0,0.14583333333333334,0,0,0,0,,0.0,0.0,0,0,0,0,0,0,0,0,0,0,0,0,0,0,0,0,0,0,0,0,0,0,0,
e20cb6fa4cccc3b14824786682b35fe28fe13fa6.html,https://project-tokenmints30.vercel.app/,40,vercel.app,10,0,app,0.0,0.07692307692307693,0.5,-182.15507566402155,3,1,1,3,0.075,31,0.775,2,0.05,0,0,0,0,0.175,1,934,2151,1,OpenSea.io,0.0,0.0,1,0,1,0,0,0,0,0,0,1,0,0,0,0,0,1,0,10,7,8,1,1,6,
211c1d98a862ee5bc578d9dd9d55965a31a10fb8.html,http://mdrfgyzzqr.duckdns.org/en/main,37,duckdns.org,11,0,org,0.0,0.08333333333333333,0.5,-168.49344498921994,3,1,1,3,0.08108108108108109,30,0.8108108108108109,0,0.0,0,0,0,0,0.1891891891891892,0,0,0,0,,0.0,0.0,0,0,0,0,0,0,0,0,0,0,0,0,0,0,0,0,0,0,0,0,0,0,0,
1ab7d1140bee42c53f8286405474166e4a4056ef.html,https://amazon-clone-psi-rust.vercel.app/store,46,vercel.app,10,0,app,0.0,0.06666666666666667,0.5,-209.47833701362478,3,1,1,3,0.06521739130434782,37,0.8043478260869565,0,0.0,0,0,0,0,0.1956521739130435,1,2,53107,1,Amazon Clone,0.0,0.25,0,0,1,0,0,1,0,0,0,0,0,0,0,0,1,0,1,6,1,30,9,9,0,
e62e4ebba15419e122f148d75c0f320e50686422.html,https://amazon-clone-psi-rust.vercel.app/register,49,vercel.app,10,0,app,0.0,0.0625,0.5,-223.1399676884264,3,1,1,3,0.061224489795918366,40,0.8163265306122449,0,0.0,0,0,0,0,0.1836734693877551,1,2,53144,1,Amazon Clone,0.0,0.25,0,0,1,0,0,1,0,0,0,0,1,0,1,0,1,0,1,7,1,30,10,10,0,
758a7ad76a414e9b90a7988df26eb55b63cdce23.html,https://aadimarine.com/buyer/RFQ/Price/buyer/mic.html,53,aadimarine.com,14,0,com,0.0,0.057692307692307696,0.5,-241.35547525482855,3,0,1,3,0.05660377358490566,43,0.8113207547169812,0,0.0,0,0,0,0,0.18867924528301888,1,785,2500,1,Sign In | Made-in-China. com,0.16666666666666666,0.08333333333333333,0,0,0,0,0,1,0,0,0,1,1,1,1,0,0,0,1,1,4,18,80,79,17,
9637fec4beee4ac846cbdf126c43f8d1f011b84d.html,https://aadimarine.com/buyer/RFQ/Price/buyer/login2.php,55,aadimarine.com,14,0,com,0.0,0.05555555555555555,0.5,-250.46322903802962,3,0,1,3,0.05454545454545454,44,0.8,1,0.01818181818181818,0,0,0,0,0.18181818181818182,1,772,2588,1,Sign In | Made-in-China. com,0.16666666666666666,0.08333333333333333,0,0,0,0,0,1,0,0,0,1,1,1,1,0,0,0,1,1,4,18,80,79,17,
98f871b9067e50bee1d92fecaa2966c684deabeb.html,https://connect-bridge-trezr-en.pages.dev/,42,pages.dev,9,0,dev,0.0,0.07317073170731707,0.5,-191.26282944722263,3,1,1,3,0.07142857142857142,33,0.7857142857142857,0,0.0,0,0,0,0,0.21428571428571427,1,0,0,0,,0.0,0.0,0,0,0,0,0,0,0,0,0,0,0,0,0,0,0,0,0,0,0,0,0,0,0,
86e2415b682db76e07a48dfad63698588f500ae2.html,https://bridge-trezzr-connect.pages.dev/,40,pages.dev,9,0,dev,0.0,0.10256410256410256,0.5,-182.15507566402155,3,1,1,3,0.075,32,0.8,0,0.0,0,0,0,0,0.2,1,0,0,0,,0.0,0.0,0,0,0,0,0,0,0,0,0,0,0,0,0,0,0,0,0,0,0,0,0,0,0,
0631ad2d86fad704500ff8331c8b77ec163b2254.html,https://ales.nysa.pl/media/ppq,30,ales.nysa.pl,12,0,nysa.pl,0.0,0.10344827586206896,0.5,-136.61630674801617,7,0,1,3,0.1,23,0.7666666666666667,0,0.0,0,0,0,0,0.23333333333333334,1,0,0,0,,0.0,0.0,0,0,0,0,0,0,0,0,0,0,0,0,0,0,0,0,0,0,0,0,0,0,0,
a9a76618cca5fd8631c5363a63282cdd83fbdead.html,https://neko.flap.com.mx/invoices/TLGtPU2B1SRYpzjeVpECuaju,58,flap.com.mx,11,0,com.mx,0.0,0.03508771929824561,0.5,-264.12485971283127,6,1,1,3,0.05172413793103448,48,0.8275862068965517,2,0.034482758620689655,0,0,0,0,0.13793103448275862,1,352,199,1,BBVA Pagos,0.0,0.0,1,0,1,0,0,0,0,0,0,0,1,1,1,0,0,0,0,4,2,10,1,2,0,
14c7d1d3db40b2964e793703ab5a272650ffb788.html,https://holaserviciio11.cloudaccess.host/wp-content/uploads/2025/10/correoss/SS/corr/corr.php/billing.php,105,cloudaccess.host,16,0,host,0.0,0.11538461538461539,0.5,-478.1570736180579,4,1,1,3,0.02857142857142857,80,0.7619047619047619,8,0.0761904761904762,0,0,0,0,0.1619047619047619,1,10318,402651,1,"Localizar envíos, oficinas y códigos postales| Correos.es",0.0,0.0,1,1,1,0,0,1,0,1,0,0,0,0,0,0,0,0,1,11,42,2,26,26,0,
f829a0ccfd8978224432a1cd73469a796e455e24.html,https://neko.flap.com.mx/invoices/fVAdIsK3MnfGfEAIjYG327J6.html,63,flap.com.mx,11,0,com.mx,0.0,0.03225806451612903,0.5,-286.8942441708341,6,1,1,3,0.047619047619047616,49,0.7777777777777778,5,0.07936507936507936,0,0,0,0,0.14285714285714285,1,149,154,1,BBVA Pagos,0.0,0.0,1,1,1,0,0,0,0,0,0,0,0,0,0,0,0,0,0,2,2,8,1,2,0,
8064f09118923ad8a9be5407e856700fc33468ae.html,https://sbm1te.sbs/,19,sbm1te.sbs,10,0,sbs,0.0,0.1111111111111111,0.5,-86.52366094041025,3,0,1,3,0.15789473684210525,13,0.6842105263157895,1,0.05263157894736842,0,0,0,0,0.2631578947368421,1,71,5248,0,,0.0,0.0,1,0,1,0,0,0,0,0,0,0,0,0,0,0,0,0,0,0,3,2,0,0,0,
5e466b093b19f0aa84cdcc81474e6a966d40b1b4.html,http://aktivpayletter.safetycs.biz.id/,38,safetycs.biz.id,15,0,biz.id,0.0,0.08108108108108109,0.5,-173.04732188082048,6,1,1,3,0.07894736842105263,31,0.8157894736842105,0,0.0,0,0,0,0,0.18421052631578946,0,1453,529,1,ððð¡ð ðð | ðð¸ðð¶ð³ð¸ð®ð» ðð¶ððð¿,0.0,0.0,1,0,1,0,0,1,0,0,0,0,1,0,0,0,1,0,0,8,9,18,0,0,0,
3ed34768bf13f090716b21f6dce4a6a0fbcba131.html,https://anacassaraodontologia.com.br/profissionais,50,anacassaraodontologia.com.br,28,0,com.br,0.0,0.08163265306122448,0.5,-227.69384458002693,6,0,1,3,0.06,44,0.88,0,0.0,0,0,0,0,0.12,1,449,594,1,Ana Cassará Odontologia – Profissionais,0.0,0.125,1,1,1,0,0,1,0,1,0,1,1,0,0,0,0,0,1,19,10,11,1,0,3,
adfa7f727ea1920226c7aa94c155f58d82aeabb0.html,https://wap.porte-finestre.com/,31,porte-finestre.com,18,0,com,0.0,0.06666666666666667,0.5,-141.1701836396167,3,1,1,3,0.0967741935483871,24,0.7741935483870968,0,0.0,0,0,0,0,0.22580645161290322,1,53,373,1,永利总站ylzz - 永利总站官方网,0.0,0.0,0,0,0,1,1,1,0,0,1,0,1,1,0,0,0,0,0,3,0,4,0,0,2,
55a6a1aa0be58cc80e57251565fe73d2eb1fd8f1.html,https://ipfs.io/ipfs/bafkreibj7yyu5xkc74lqf22hytauqxx2qralrb6vh3hiy7737kyqrunhku/,81,ipfs.io,7,0,io,0.3333333333333333,0.075,0.5,-368.8640282196443,2,0,1,3,0.037037037037037035,61,0.7530864197530864,13,0.16049382716049382,0,0,0,0,0.08641975308641975,1,0,0,0,,0.0,0.0,0,0,0,0,0,0,0,0,0,0,0,0,0,0,0,0,0,0,0,0,0,0,0,
d6fda1fe23bb159b3f0eba875f5da1112b6f38b5.html,http://www.kanny.vn/wordpress/wp-content/particuliers/aces/particulier/loginform3ad6.php,88,kanny.vn,8,0,vn,0.0,0.06896551724137931,0.5,-400.74116646084826,2,1,1,3,0.03409090909090909,73,0.8295454545454546,2,0.022727272727272728,0,0,0,0,0.14772727272727273,0,0,0,0,,0.0,0.0,0,0,0,0,0,0,0,0,0,0,0,0,0,0,0,0,0,0,0,0,0,0,0,
e9e932e7277ea6d60629b7ceb37413342d1888e3.html,https://trezor-suit-information.pages.dev/,42,pages.dev,9,0,dev,0.0,0.04878048780487805,0.5,-191.26282944722263,3,1,1,3,0.07142857142857142,34,0.8095238095238095,0,0.0,0,0,0,0,0.19047619047619047,1,0,0,0,,0.0,0.0,0,0,0,0,0,0,0,0,0,0,0,0,0,0,0,0,0,0,0,0,0,0,0,
099fe572144b1173e09d6b908bd093c33882151b.html,https://centerbusinesse-lawcontrolv-fds2010d.netlify.app/,57,netlify.app,11,0,app,0.0,0.07142857142857142,0.5,-259.5709828212307,3,1,1,3,0.05263157894736842,45,0.7894736842105263,4,0.07017543859649122,0,0,0,0,0.14035087719298245,1,0,0,0,,0.0,0.0,0,0,0,0,0,0,0,0,0,0,0,0,0,0,0,0,0,0,0,0,0,0,0,
737bb28de5cd1c0deb19cb0c2367abdf4629a659.html,http://labanquepostale.jupiter-analytics.com/thierry--_--.barbier/brigitte.--_--boissel@/francoise--_--.mariani@/salvatore--_--.fazzalari,137,jupiter-analytics.com,21,0,com,0.0,0.10294117647058823,0.5,-623.881134149276,3,1,1,29,0.2116788321167883,101,0.7372262773722628,0,0.0,0,0,0,2,0.26277372262773724,0,0,0,0,,0.0,0.0,0,0,0,0,0,0,0,0,0,0,0,0,0,0,0,0,0,0,0,0,0,0,0,
3db1c4e67ce16127ca92705c2f02a7af1a51e012.html,http://labanquepostale.jupiter-analytics.com/thierry--_--.barbier/brigitte.--_--boissel@/francoise--_--.mariani@/salvatore--_--.fazzalari/,138,jupiter-analytics.com,21,0,com,0.0,0.10218978102189781,0.5,-628.4350110408766,3,1,1,29,0.21014492753623187,101,0.7318840579710145,0,0.0,0,0,0,2,0.26811594202898553,0,0,0,0,,0.0,0.0,0,0,0,0,0,0,0,0,0,0,0,0,0,0,0,0,0,0,0,0,0,0,0,
934041190d072cdc3e403272f75973fd7e9dab8e.html,http://pub-a585275162b94eeead6f34b59fc34175.r2.dev/woosl.html,61,r2.dev,6,0,dev,0.0,0.08333333333333333,0.5,-277.78649038763297,3,1,1,3,0.04918032786885246,31,0.5081967213114754,22,0.36065573770491804,0,0,0,0,0.13114754098360656,0,0,0,0,,0.0,0.0,0,0,0,0,0,0,0,0,0,0,0,0,0,0,0,0,0,0,0,0,0,0,0,
dba767aaad837319b6cc189709a584fbf98edb74.html,http://pub-85898ccf2bf04ae9bbc716993ae9553d.r2.dev/vfiqwt.html,62,r2.dev,6,0,dev,0.0,0.09836065573770492,0.5,-282.34036727923353,3,1,1,3,0.04838709677419355,34,0.5483870967741935,20,0.3225806451612903,0,0,0,0,0.12903225806451613,0,0,0,0,,0.0,0.0,0,0,0,0,0,0,0,0,0,0,0,0,0,0,0,0,0,0,0,0,0,0,0,
6c2dd3a58ee8e567b5aca6465652638054955106.html,http://pub-20cfdc3c226149f1ad785b63a8a97ca6.r2.dev/khgfdsx.html,63,r2.dev,6,0,dev,0.0,0.04838709677419355,0.5,-286.8942441708341,3,1,1,3,0.047619047619047616,35,0.5555555555555556,20,0.31746031746031744,0,0,0,0,0.12698412698412698,0,1492,2369,1,MetaMask,0.0,0.0,1,0,1,1,1,0,0,0,0,0,0,0,1,0,0,0,1,96,1,6,2,2,0,
fc8cab5825d654bf0f11911074ba5070c1c55685.html,http://pub-defeab315f6d492d9ba6a7f191e5bf6b.r2.dev/muri.html,60,r2.dev,6,0,dev,0.0,0.03389830508474576,0.5,-273.2326134960324,3,1,1,3,0.05,36,0.6,16,0.26666666666666666,0,0,0,0,0.13333333333333333,0,1492,2369,1,MetaMask,0.0,0.0,1,0,1,1,1,0,0,0,0,0,0,0,1,0,0,0,1,96,1,6,2,2,0,
10c4d99400924051926e258e6f83294c6fd1c7f1.html,http://pub-682ad3b65d944376b919745aae3c56d4.r2.dev/document3.html,65,r2.dev,6,0,dev,0.0,0.0625,0.5,-296.00199795403523,3,1,1,3,0.046153846153846156,33,0.5076923076923077,24,0.36923076923076925,0,0,0,0,0.12307692307692308,0,224,239101,1,DocuSign Login - Enter your password to sign in,0.0,0.0,1,0,1,1,1,0,2,0,0,0,0,0,0,0,0,0,1,8,3,3,0,0,0,
8b2956c623a99d5c88ea99abbecfe14d3bca5fc4.html,http://pub-049a67ec10bd4bb19484d969ee9e7535.r2.dev/st.html,58,r2.dev,6,0,dev,0.0,0.07017543859649122,0.5,-264.12485971283127,3,1,1,3,0.05172413793103448,28,0.4827586206896552,22,0.3793103448275862,0,0,0,0,0.13793103448275862,0,1492,2369,1,MetaMask,0.0,0.0,1,0,1,1,1,0,0,0,0,0,0,0,1,0,0,0,1,96,1,6,2,2,0,
8fc194bd190b98333257b1ff7fc41bcf1a0fe17a.html,http://app.qpointsurvey.com/s/vjmotsuhuve7al3c/,47,qpointsurvey.com,16,0,com,0.0,0.06521739130434782,0.5,-214.03221390522532,3,1,1,3,0.06382978723404255,37,0.7872340425531915,2,0.0425531914893617,0,0,0,0,0.1702127659574468,0,881,694,1,BT,0.0,0.0,1,0,1,1,1,0,0,0,0,0,0,0,0,0,0,0,0,2,6,14,0,0,0,
d35fca20c9be38807fa5531f1fee74ef896e3415.html,http://pub-373a4b9dee8448f7ae6feab2f1fbeb3f.r2.dev/zana.html,60,r2.dev,6,0,dev,0.0,0.06779661016949153,0.5,-273.2326134960324,3,1,1,3,0.05,37,0.6166666666666667,15,0.25,0,0,0,0,0.13333333333333333,0,1492,2369,1,MetaMask,0.0,0.0,1,0,1,1,1,0,0,0,0,0,0,0,1,0,0,0,1,96,1,6,2,2,0,
edeba4a7bec3671b9f76c6ce8e72ef6d0aceb806.html,http://pub-ee0e857c9bde4bb78669ce75a3076842.r2.dev/wae.html,59,r2.dev,6,0,dev,0.0,0.08620689655172414,0.5,-268.67873660443183,3,1,1,3,0.05084745762711865,30,0.5084745762711864,21,0.3559322033898305,0,0,0,0,0.13559322033898305,0,5161,50431,1,Ledger Live,0.0,0.0,0,0,1,1,1,0,0,0,0,0,0,0,0,0,0,1,0,14,4,9,0,0,0,
43e8a715ca7772d6a9cb9eabcadb3bc5b0bef4c8.html,http://pub-1c3a35bc3f574b6684c3e0a322c562b4.r2.dev/mycarimage.html,66,r2.dev,6,0,dev,0.0,0.06153846153846154,0.5,-300.5558748456358,3,1,1,3,0.045454545454545456,36,0.5454545454545454,22,0.3333333333333333,0,0,0,0,0.12121212121212122,0,9,19152,1,Sign in to your Office365 account,0.0,0.0,1,0,1,1,1,0,0,0,0,0,0,0,0,0,0,0,0,4,2,3,1,2,2,
43d09755e2a27de4bddbdb33e39446ee5c9d648c.html,http://pub-d017b0f78ed64420b48f8c1f9845e731.r2.dev/xquick.html,62,r2.dev,6,0,dev,0.0,0.04918032786885246,0.5,-282.34036727923353,3,1,1,3,0.04838709677419355,31,0.5,23,0.3709677419354839,0,0,0,0,0.12903225806451613,0,1492,2369,1,MetaMask,0.0,0.0,1,0,1,1,1,0,0,0,0,0,0,0,1,0,0,0,1,96,1,6,2,2,0,
4a7f3ab01e05ac158603a415666ea9d4d93efee1.html,http://pub-b8816ea2a950483f808e5152b306618f.r2.dev/murrr.html,61,r2.dev,6,0,dev,0.0,0.1,0.5,-277.78649038763297,3,1,1,3,0.04918032786885246,28,0.45901639344262296,25,0.4098360655737705,0,0,0,0,0.13114754098360656,0,1492,2369,1,MetaMask,0.0,0.0,1,0,1,1,1,0,0,0,0,0,0,0,1,0,0,0,1,96,1,6,2,2,0,
6768a7fa61c11b31ab6f6929745f2761504263f2.html,http://pub-4d2983de97694aaea4c6e5be6e9695d5.r2.dev/hm.html,58,r2.dev,6,0,dev,0.0,0.05263157894736842,0.5,-264.12485971283127,3,1,1,3,0.05172413793103448,30,0.5172413793103449,20,0.3448275862068966,0,0,0,0,0.13793103448275862,0,1492,2369,1,MetaMask,0.0,0.0,1,0,1,1,1,0,0,0,0,0,0,0,1,0,0,0,1,96,1,6,2,2,0,
abe6a963fcb851c42fd68f135a522b2020307836.html,http://pub-dde186d3ef204edd89e847d256cdf5bd.r2.dev/ghupl.html,61,r2.dev,6,0,dev,0.0,0.06666666666666667,0.5,-277.78649038763297,3,1,1,3,0.04918032786885246,36,0.5901639344262295,17,0.2786885245901639,0,0,0,0,0.13114754098360656,0,1492,2369,1,MetaMask,0.0,0.0,1,0,1,1,1,0,0,0,0,0,0,0,1,0,0,0,1,96,1,6,2,2,0,
bd10296a4c519a999774c9e4667f01797882e1b0.html,http://pub-19b834342e7d465b9f00b3511325a081.r2.dev/qwertyuiopBowa.html,70,r2.dev,6,0,dev,0.0,0.057971014492753624,0.5,-318.77138241203807,3,1,1,3,0.04285714285714286,36,0.5142857142857142,26,0.37142857142857144,0,0,0,0,0.11428571428571428,0,6,105,0,,0.0,0.0,0,0,0,1,1,0,0,0,0,0,0,0,0,0,0,0,0,0,0,2,0,0,0,
37e0e82523d5d09e8b8a59c6fe46a23d004a4b4d.html,http://pub-089fc651c6d94c6fa7c926754f7d3016.r2.dev/zac.html,59,r2.dev,6,0,dev,0.0,0.034482758620689655,0.5,-268.67873660443183,3,1,1,3,0.05084745762711865,28,0.4745762711864407,23,0.3898305084745763,0,0,0,0,0.13559322033898305,0,1492,2369,1,MetaMask,0.0,0.0,1,0,1,1,1,0,0,0,0,0,0,0,1,0,0,0,1,96,1,6,2,2,0,
07fb5be36d09c20ca83bdbf0a9daea7e2d8ba697.html,http://pub-e42cb528b102447385e3145197916f51.r2.dev/owa-pageeee-owa.html,71,r2.dev,6,0,dev,0.0,0.08571428571428572,0.5,-323.32525930363863,3,1,1,3,0.04225352112676056,34,0.4788732394366197,27,0.38028169014084506,0,0,0,0,0.14084507042253522,0,6,105,0,,0.0,0.0,0,0,0,1,1,0,0,0,0,0,0,0,0,0,0,0,0,0,0,2,0,0,0,
6d5e7524be7d60fb276ca0905b2d74ec04a5f18e.html,http://pub-8376b5b2334844d193a525d8b8548fa5.r2.dev/b99.html,59,r2.dev,6,0,dev,0.0,0.08620689655172414,0.5,-268.67873660443183,3,1,1,3,0.05084745762711865,24,0.4067796610169492,27,0.4576271186440678,0,0,0,0,0.13559322033898305,0,1492,2369,1,MetaMask,0.0,0.0,1,0,1,1,1,0,0,0,0,0,0,0,1,0,0,0,1,96,1,6,2,2,0,
c40e1ffc8009b0c52ea865cf4c152f6bcd410a51.html,http://pub-5951c9805b754b349e7780aa7d7195e9.r2.dev/okuorun.html,63,r2.dev,6,0,dev,0.0,0.06451612903225806,0.5,-286.8942441708341,3,1,1,3,0.047619047619047616,30,0.47619047619047616,25,0.3968253968253968,0,0,0,0,0.12698412698412698,0,1492,2369,1,MetaMask,0.0,0.0,1,0,1,1,1,0,0,0,0,0,0,0,1,0,0,0,1,96,1,6,2,2,0,
bd08712aabc1bbc7e8ec4d67291463f407747821.html,http://pub-d6b5f2cd37034e30aaf6c10e489c3f7e.r2.dev/osedfosu.html,64,r2.dev,6,0,dev,0.0,0.047619047619047616,0.5,-291.44812106243467,3,1,1,3,0.046875,37,0.578125,19,0.296875,0,0,0,0,0.125,0,1492,2369,1,MetaMask,0.0,0.0,1,0,1,1,1,0,0,0,0,0,0,0,1,0,0,0,1,96,1,6,2,2,0,
a845d9f896eda52edb2812eb9ddfe995302171e2.html,https://owa.sarbacame.com/,26,sarbacame.com,13,0,com,0.0,0.08,0.5,-118.40079918161402,3,1,1,3,0.11538461538461539,20,0.7692307692307693,0,0.0,0,0,0,0,0.23076923076923078,1,138,454,1,Outlook Web App,0.0,0.0,1,1,0,2,1,0,0,0,1,0,1,1,1,0,0,0,1,6,1,5,0,0,1,
29d7161a84e19a883dcb9f724bc0d0fbacf73afc.html,http://owa.sarbacame.com/owa/auth/,34,sarbacame.com,13,0,com,0.0,0.06060606060606061,0.5,-154.83181431441832,3,1,1,3,0.08823529411764706,26,0.7647058823529411,0,0.0,0,0,0,0,0.23529411764705882,0,138,454,1,Outlook Web App,0.0,0.0,1,1,0,3,2,0,0,0,1,0,1,1,1,0,0,0,1,6,1,5,0,0,1,
3b40c9e524cd1c885c4ae68c0b5ec06b843752c6.html,http://pub-b8d557d502ff4b20ad52a88c112349ba.r2.dev/dfghmnbv.html,64,r2.dev,6,0,dev,0.0,0.09523809523809523,0.5,-291.44812106243467,3,1,1,3,0.046875,35,0.546875,21,0.328125,0,0,0,0,0.125,0,1492,2369,1,MetaMask,0.0,0.0,1,0,1,1,1,0,0,0,0,0,0,0,1,0,0,0,1,96,1,6,2,2,0,
1626e0fede32c861751b67a291ddb32320052f18.html,http://pub-d8ee52f2e86b49caba542c9fc5533130.r2.dev/fkjhgfdsa.html,65,r2.dev,6,0,dev,0.0,0.078125,0.5,-296.00199795403523,3,1,1,3,0.046153846153846156,37,0.5692307692307692,20,0.3076923076923077,0,0,0,0,0.12307692307692308,0,1492,2369,1,MetaMask,0.0,0.0,1,0,1,1,1,0,0,0,0,0,0,0,1,0,0,0,1,96,1,6,2,2,0,
c7a94995db8ab9a1c0bed0d9e133699451a01721.html,http://pub-398374cead0f4c34808233c18510c81b.r2.dev/kjkudex.html,63,r2.dev,6,0,dev,0.0,0.04838709677419355,0.5,-286.8942441708341,3,1,1,3,0.047619047619047616,31,0.49206349206349204,24,0.38095238095238093,0,0,0,0,0.12698412698412698,0,1492,2369,1,MetaMask,0.0,0.0,1,0,1,1,1,0,0,0,0,0,0,0,1,0,0,0,1,96,1,6,2,2,0,
3162ea57b808a5426284882ae6a108ecbdd9bac5.html,http://pub-ea88ee75fced4023a55270e18780e191.r2.dev/sd0x.html,60,r2.dev,6,0,dev,0.0,0.0847457627118644,0.5,-273.2326134960324,3,1,1,3,0.05,29,0.48333333333333334,23,0.38333333333333336,0,0,0,0,0.13333333333333333,0,1492,2369,1,MetaMask,0.0,0.0,1,0,1,1,1,0,0,0,0,0,0,0,1,0,0,0,1,96,1,6,2,2,0,
dda1c5842fc717c16ad6ab18dc1d0ac8be6dd421.html,http://65b7d3757c56390008a2d84a--ods-android.netlify.app/components/floatingactionbuttons_docs/,95,netlify.app,11,0,app,0.0,0.07446808510638298,0.5,-432.6183047020522,3,1,1,3,0.031578947368421054,65,0.6842105263157895,18,0.18947368421052632,0,0,0,0,0.12631578947368421,0,1737,504,0,,0.0,0.0,1,1,1,2,1,0,0,0,0,0,0,0,0,0,0,0,0,9,3,1,12,0,3,
896e24394a0d8a2860fcd6ebdd272729886505c6.html,http://pub-ad961fc311f24bea9daef5a210bb5231.r2.dev/901.html,59,r2.dev,6,0,dev,0.0,0.06896551724137931,0.5,-268.67873660443183,3,1,1,3,0.05084745762711865,30,0.5084745762711864,21,0.3559322033898305,0,0,0,0,0.13559322033898305,0,1492,2369,1,MetaMask,0.0,0.0,1,0,1,1,1,0,0,0,0,0,0,0,1,0,0,0,1,96,1,6,2,2,0,
7af70be4501e124641b36befba9ebd785067080e.html,http://pub-6db61ec326e14c4bb5e59a7a284b21ae.r2.dev/gggindex.html,64,r2.dev,6,0,dev,0.0,0.07936507936507936,0.5,-291.44812106243467,3,1,1,3,0.046875,37,0.578125,19,0.296875,0,0,0,0,0.125,0,1492,2369,1,MetaMask,0.0,0.0,1,0,1,1,1,0,0,0,0,0,0,0,1,0,0,0,1,96,1,6,2,2,0,
a84e735f4df1d4c5e05b92d6816bead815d2c42d.html,http://pub-a99c53d6c23946e4a025da611a9aea62.r2.dev/owa-pageeee-owa.html,71,r2.dev,6,0,dev,0.0,0.1,0.5,-323.32525930363863,3,1,1,3,0.04225352112676056,40,0.5633802816901409,21,0.29577464788732394,0,0,0,0,0.14084507042253522,0,6,105,0,,0.0,0.0,0,0,0,1,1,0,0,0,0,0,0,0,0,0,0,0,0,0,0,2,0,0,0,
0f6a50aebcfab46f4c609c235c46ba152a35bc67.html,http://harsh-helicopter-early.on-fleek.app/umewuhuwharna10.html,63,on-fleek.app,12,0,app,0.0,0.06451612903225806,0.5,-286.8942441708341,3,1,1,3,0.047619047619047616,51,0.8095238095238095,2,0.031746031746031744,0,0,0,0,0.15873015873015872,0,393,155385,1,Webmail,0.0,0.0,1,0,1,1,1,0,0,1,0,0,0,0,0,0,0,0,0,3,1,4,0,0,0,
d2d7ff3644d22fa69cce1c1a7ce2c2ddf3a2a0a7.html,http://large-tiger-thundering.on-fleek.app/sgbpcyfwptnhky10.html,64,on-fleek.app,12,0,app,0.0,0.06349206349206349,0.5,-291.44812106243467,3,1,1,3,0.046875,52,0.8125,2,0.03125,0,0,0,0,0.15625,0,393,149281,1,Webmail,0.0,0.0,1,0,1,1,1,0,0,1,0,0,0,0,0,0,0,0,0,3,1,4,0,0,0,
a55b736be481491804ede785938963d648992959.html,http://fat-van-echoing.on-fleek.app/jiwfggtbsnd1.html,53,on-fleek.app,12,0,app,0.0,0.09615384615384616,0.5,-241.35547525482855,3,1,1,3,0.05660377358490566,42,0.7924528301886793,1,0.018867924528301886,0,0,0,0,0.18867924528301888,0,393,149281,1,Webmail,0.0,0.0,1,0,1,1,1,0,0,1,0,0,0,0,0,0,0,0,0,3,1,4,0,0,0,
ed459bc0dfc410709f1d4b5e77a8769655123402.html,http://pub-a1faa69ae47d4063a72c37d8cbb391d8.r2.dev/hrdept-owa.html,66,r2.dev,6,0,dev,0.0,0.06153846153846154,0.5,-300.5558748456358,3,1,1,3,0.045454545454545456,38,0.5757575757575758,19,0.2878787878787879,0,0,0,0,0.13636363636363635,0,6,116,0,,0.0,0.0,0,0,0,1,1,0,0,0,0,0,0,0,0,0,0,0,0,0,0,2,0,0,0,
64bc03bfad636ad73d912d0028d1183faceadd56.html,https://campanha.propostacartao.com/,36,propostacartao.com,18,0,com,0.0,0.05714285714285714,0.5,-163.9395680976194,3,1,1,3,0.08333333333333333,30,0.8333333333333334,0,0.0,0,0,0,0,0.16666666666666666,1,0,0,0,,0.0,0.0,0,0,0,0,0,0,0,0,0,0,0,0,0,0,0,0,0,0,0,0,0,0,0,
623506cf692b470fe76ec7caecfddcc4f995e33b.html,https://agrobiobot.com/QGmMsSwN,31,agrobiobot.com,14,0,com,0.0,0.06666666666666667,0.5,-141.1701836396167,3,0,1,3,0.0967741935483871,26,0.8387096774193549,0,0.0,0,0,0,0,0.16129032258064516,1,501,720,1,WhatsApp,0.0,0.0,1,0,1,0,0,0,0,0,0,0,1,1,0,0,0,0,0,9,7,11,0,0,0,
1328521c245be8d32b1fe2a955da13408219f00d.html,https://acoustic-apartment-low.on-fleek.app/aa2ratuotuwwonline9.html,68,on-fleek.app,12,0,app,0.0,0.08955223880597014,0.5,-309.66362862883693,3,1,1,3,0.04411764705882353,56,0.8235294117647058,2,0.029411764705882353,0,0,0,0,0.14705882352941177,1,393,144138,1,Webmail,0.0,0.0,0,0,1,0,0,0,0,1,0,0,0,0,0,0,0,0,0,3,1,4,0,0,0,
43f3ef7b9774289a65028048bee09c31a5077d41.html,https://trezosuite.vercel.app/,30,vercel.app,10,0,app,0.0,0.10344827586206896,0.5,-136.61630674801617,3,1,1,3,0.1,24,0.8,0,0.0,0,0,0,0,0.2,1,0,0,0,,0.0,0.0,0,0,0,0,0,0,0,0,0,0,0,0,0,0,0,0,0,0,0,0,0,0,0,
8d8a8df39588435af07c09ca73d205bab4536a4f.html,https://accounts.marketwebb.ninja/en/login/,43,marketwebb.ninja,16,0,ninja,0.0,0.09523809523809523,0.5,-195.81670633882317,5,1,1,3,0.06976744186046512,35,0.813953488372093,0,0.0,0,0,0,0,0.18604651162790697,1,10,49685,1,Log In | Binance,0.0,0.0,1,1,1,0,0,1,0,1,0,0,0,0,0,0,0,0,0,0,22,32,0,0,0,
82738076652eb805e80a4c21570fdf0798a58475.html,https://accounts.marketwebb.ninja/,34,marketwebb.ninja,16,0,ninja,0.0,0.12121212121212122,0.5,-154.83181431441832,5,1,1,3,0.08823529411764706,28,0.8235294117647058,0,0.0,0,0,0,0,0.17647058823529413,1,10,47479,1,登录 | Binance,0.0,0.0,1,1,1,3,3,1,0,1,0,0,0,0,0,0,0,0,0,1,22,32,0,0,0,
b9d2a24067aac8afba7550152690b124b3c417f6.html,https://auth-secure.me/zTl4ZXIrgLThTVJ6?/workitems/3ont208h/WorkItemMention/VGhpcyBtaWdodCBiZSBhIEhveGh1bnQgc2ltdWxhdGlvbi4gT25seSBvbmUgd2F5IHRvIGZpbmQgb3V0Li4u,160,auth-secure.me,14,0,me,0.0,0.012578616352201259,0.5,-728.620302656089,2,0,1,3,0.01875,133,0.83125,16,0.1,0,1,0,0,0.06875,1,1259,22967,1,Sign in to your Microsoft account,0.0,0.0,1,1,1,0,0,0,0,0,0,0,0,0,0,0,0,0,0,4,2,1,0,0,8,
69b946b7820f51e3c0d0cb77487c486b3f185dfb.html,https://sso-auth.com/t0OGy9oJS8uLXGk?/facebook_secure_account?id=759347502378427672987349826578129038123807394%22,113,sso-auth.com,12,0,com,0.0,0.045454545454545456,0.5,-505.4803349676613,3,0,1,4,0.035398230088495575,50,0.45045045045045046,48,0.43243243243243246,1,2,0,1,0.11711711711711711,1,464,172,1,Facebook - Log In or Sign Up,0.0,0.06666666666666667,1,0,1,0,0,0,0,0,0,1,1,0,1,0,1,0,1,1,1,1,44,44,2,
5aa9bf4b2910fab0637df3f6127c0736897043e7.html,https://allegrolokalnie.pl-smart8758124.cfd/oferta/77811313/kierownica-logitech-g29-shifter,91,pl-smart8758124.cfd,19,0,cfd,0.0,0.05555555555555555,0.5,-414.40279713564996,3,1,1,3,0.03296703296703297,62,0.6813186813186813,17,0.18681318681318682,0,0,0,0,0.13186813186813187,1,0,0,0,,0.0,0.0,0,0,0,0,0,0,0,0,0,0,0,0,0,0,0,0,0,0,0,0,0,0,0,
e2185a60b0cbf892330cab3ec5613e7c555229a9.html,https://allegrolokalnie.pl-smart8758124.cfd/oferta/77811313/kierownica,70,pl-smart8758124.cfd,19,0,cfd,0.0,0.07246376811594203,0.5,-318.77138241203807,3,1,1,3,0.04285714285714286,46,0.6571428571428571,15,0.21428571428571427,0,0,0,0,0.12857142857142856,1,0,0,0,,0.0,0.0,0,0,0,0,0,0,0,0,0,0,0,0,0,0,0,0,0,0,0,0,0,0,0,
021292b1eb60ab3f559c599b48fe9a3773b0faaa.html,http://6568bdfa15f2f206de383621--elegant-dango-fe59cb.netlify.app/,66,netlify.app,11,0,app,0.0,0.06153846153846154,0.5,-300.5558748456358,3,1,1,3,0.045454545454545456,38,0.5757575757575758,18,0.2727272727272727,0,0,0,0,0.15151515151515152,0,0,0,0,,0.0,0.0,0,0,0,0,0,0,0,0,0,0,0,0,0,0,0,0,0,0,0,0,0,0,0,
84785c533f3d033a98c18b6d6312fca05233d261.html,https://my-acesso-01.dynv6.net/,31,dynv6.net,9,0,net,0.0,0.1,0.5,-141.1701836396167,3,1,1,3,0.0967741935483871,20,0.6451612903225806,3,0.0967741935483871,0,0,0,0,0.25806451612903225,1,0,0,0,,0.0,0.0,0,0,0,0,0,0,0,0,0,0,0,0,0,0,0,0,0,0,0,0,0,0,0,
b1b2b8fdd6cee7728cd8f2885971bcfc89da5377.html,https://www.indianstaffingfederation.org/isf-images/news/plugins/login.php,74,indianstaffingfederation.org,28,0,org,0.0,0.0684931506849315,0.5,-336.98688997844033,3,1,1,3,0.04054054054054054,63,0.8513513513513513,0,0.0,0,0,0,0,0.14864864864864866,1,3550,1148,1,Indian Staffing Federation,0.0,0.0,1,0,1,0,0,1,5,7,0,1,1,0,0,0,0,0,1,206,24,28,14,16,204,
e1161294d6cfa676c0a8df7d1b90fc3205785bf8.html,https://brasilpgs.com/wp-content/redirect.php,45,brasilpgs.com,13,0,com,0.0,0.045454545454545456,0.5,-204.92446012202424,3,0,1,3,0.06666666666666667,37,0.8222222222222222,0,0.0,0,0,0,0,0.17777777777777778,1,13,97,1,Redirecting.....,0.0,0.0,0,0,0,0,0,0,0,0,1,0,1,0,0,0,0,0,0,0,0,0,0,0,0,
e0c8ca1eae167be3cad88faca5ad8a3febbe409e.html,https://pulsemax.com.br/wp-content/oca/oca/captcha.php,54,pulsemax.com.br,15,0,com.br,0.0,0.03773584905660377,0.5,-245.9093521464291,6,0,1,3,0.05555555555555555,43,0.7962962962962963,0,0.0,0,0,0,0,0.2037037037037037,1,542,121,1,OCA Mi Cuenta - Verificación de Seguridad,0.0,0.06666666666666667,1,0,1,0,0,0,0,0,0,0,0,0,0,0,0,0,0,0,23,4,0,0,0,
1ab9dfe58645f2b0402ba54cd7655807fdc22674.html,http://intermatic0.site/pacifico/inicio/alert.php,49,intermatic0.site,16,0,site,0.0,0.041666666666666664,0.5,-223.1399676884264,4,0,1,3,0.061224489795918366,40,0.8163265306122449,1,0.02040816326530612,0,0,0,0,0.16326530612244897,0,0,0,0,,0.0,0.0,0,0,0,0,0,0,0,0,0,0,0,0,0,0,0,0,0,0,0,0,0,0,0,
766db37a923c594d86cd363e4dc15772396d082e.html,https://herimarc.fun/,21,herimarc.fun,12,0,fun,0.0,0.1,0.5,-95.63141472361133,3,0,1,3,0.14285714285714285,16,0.7619047619047619,0,0.0,0,0,0,0,0.23809523809523808,1,0,0,0,,0.0,0.0,0,0,0,0,0,0,0,0,0,0,0,0,0,0,0,0,0,0,0,0,0,0,0,
760484e78030978e422cd0cb7da327ca1bfa494e.html,https://www.kkinstagram.com/reel/DPd0RcRCXr0,44,kkinstagram.com,15,0,com,0.0,0.13953488372093023,0.5,-200.3705832304237,3,1,1,3,0.06818181818181818,35,0.7954545454545454,2,0.045454545454545456,0,0,0,0,0.1590909090909091,1,169,693,1,Instagram,0.0,0.0,1,0,1,1,1,0,2,0,0,0,0,0,0,0,0,0,0,1,1,4,0,0,0,
9a0a57bdce2b4ec77519405fa56e792e010a4829.html,https://www.5mp.eu/fajlok2/insnsb/owa_www.5mp.eu_.html,54,5mp.eu,6,0,eu,0.2857142857142857,0.11320754716981132,0.5,-245.9093521464291,2,1,1,3,0.05555555555555555,38,0.7037037037037037,3,0.05555555555555555,0,0,0,0,0.24074074074074073,1,0,0,0,,0.0,0.0,0,0,0,0,0,0,0,0,0,0,0,0,0,0,0,0,0,0,0,0,0,0,0,
772618ef7dec6ff5927029b62cda13902a96141d.html,https://histarnaverlogin.vercel.app/,36,vercel.app,10,0,app,0.0,0.08571428571428572,0.5,-163.9395680976194,3,1,1,3,0.08333333333333333,30,0.8333333333333334,0,0.0,0,0,0,0,0.16666666666666666,1,352,154,1,네이버 : 로그인,0.0,0.0,1,1,1,0,0,1,0,0,0,0,1,1,1,0,0,0,1,0,1,4,7,4,8,
37980709f25539de071a2359f43a5e43cd92d6c0.html,https://3nayana.github.io/Amazon_clone/,39,github.io,9,0,io,0.0,0.05263157894736842,0.5,-177.60119877242101,2,1,1,3,0.07692307692307693,30,0.7692307692307693,1,0.02564102564102564,0,0,0,0,0.20512820512820512,1,193,271,1,Amazon,0.0,0.16666666666666666,0,0,1,0,0,0,0,0,0,0,0,0,0,0,0,0,1,0,2,0,0,0,0,
359c35f8c453e1256783e03fd063c43083763666.html,https://inceptioncodes.github.io/Amazon-Clone/,46,github.io,9,0,io,0.0,0.044444444444444446,0.5,-209.47833701362478,2,1,1,3,0.06521739130434782,38,0.8260869565217391,0,0.0,0,0,0,0,0.17391304347826086,1,249,271,1,Amazon Clone,0.0,0.3333333333333333,0,0,1,0,0,0,0,0,0,0,0,0,0,0,1,0,1,18,2,1,42,42,1,
2813307dbb2c9d5bb57dd4ba78e7c17682b19bcf.html,https://signin.broker/IcBW2-16ksKF?/workitems/3ont208h/WorkItemMention/VGhpcyBtaWdodCBiZSBhIEhveGh1bnQgc2ltdWxhdGlvbi4gT25seSBvbmUgd2F5IHRvIGZpbmQgb3V0Li4u,155,signin.broker,13,0,broker,0.0,0.012987012987012988,0.5,-705.8509181980862,6,0,1,3,0.01935483870967742,127,0.8193548387096774,17,0.10967741935483871,0,1,0,0,0.07096774193548387,1,1259,22967,1,Sign in to your Microsoft account,0.0,0.0,1,1,1,0,0,0,0,0,0,0,0,0,0,0,0,0,0,4,2,1,0,0,8,
68888c4d92491a5c7a89415543ad3b01d7b6ac42.html,https://sso-auth.com/JsZNGyJ2KT6FcA?/facebook_secure_account?id=759347502378427672987349826578129038123807394,109,sso-auth.com,12,0,com,0.0,0.046296296296296294,0.5,-496.37258118446016,3,0,1,3,0.027522935779816515,50,0.45871559633027525,47,0.43119266055045874,1,2,0,0,0.11009174311926606,1,464,172,1,Facebook - Log In or Sign Up,0.0,0.06666666666666667,1,0,1,0,0,0,0,0,0,1,1,0,1,0,1,0,1,1,1,1,44,44,2,
6877f2ec6437686581a154c68f09fcb1ba9859af.html,https://zsdxgt3.pages.dev/privacyprefs?ref_=footer_iba,54,pages.dev,9,0,dev,0.0,0.05660377358490566,0.5,-245.9093521464291,3,1,1,3,0.05555555555555555,43,0.7962962962962963,1,0.018518518518518517,1,1,0,0,0.18518518518518517,1,2878,28312,1,Your Ads Privacy Choices,0.0,0.0,0,0,0,0,0,0,0,0,0,1,1,1,0,0,1,0,1,5,12,59,2,2,49,
6c358c36441bef75400110ff5e2e8b258cf92607.html,https://rbfcu-star.azurewebsites.net/(S(pamrjqwd2qjr23qx5u53di3n))/Main/Login,77,azurewebsites.net,17,0,net,0.0,0.039473684210526314,0.5,-350.64852065324203,3,1,1,6,0.07792207792207792,57,0.7402597402597403,7,0.09090909090909091,0,0,0,4,0.16883116883116883,1,597,204,1,Login - RBFCU STAR,0.0,0.3333333333333333,0,0,1,1,0,0,4,0,0,0,0,1,1,0,0,0,1,3,4,20,7,7,0,
08f3791d16d0b90196bb7716411474adb5694b9a.html,https://rbfcu-star.azurewebsites.net/(S(i0cqpxe3uarclcrvoqdhfwr0))/,67,azurewebsites.net,17,0,net,0.0,0.045454545454545456,0.5,-305.10975173723637,3,1,1,6,0.08955223880597014,52,0.7761194029850746,3,0.04477611940298507,0,0,0,4,0.1791044776119403,1,597,204,1,Login - RBFCU STAR,0.0,0.25,0,0,1,2,0,0,4,0,0,0,0,1,1,0,0,0,1,3,4,20,7,7,0,
d854598c28644306484dc3803eb122246c58ca12.html,https://bafybeibdyr3vrviyiqdrraxyk5dxy5fb6subupjbgqwyvki3b7pn2h32lm.ipfs.w3s.link/,82,w3s.link,8,0,link,0.0,0.037037037037037035,0.5,-373.41790511124486,4,2,1,3,0.036585365853658534,65,0.7926829268292683,10,0.12195121951219512,0,0,0,0,0.08536585365853659,1,1197,123064,1,The Courier Guy,0.0,0.0,1,0,1,0,0,0,0,4,0,0,1,0,0,0,1,0,0,6,8,11,6,6,0,
2850c90e126e55cd256e21d4e1bdcb0840d61a78.html,https://xn.wttef.my.id/pembatalan.dana.cicil/,45,wttef.my.id,11,0,my.id,0.0,0.06818181818181818,0.5,-204.92446012202424,5,1,1,3,0.06666666666666667,35,0.7777777777777778,0,0.0,0,0,0,0,0.2222222222222222,1,0,0,0,,0.0,0.0,0,0,0,0,0,0,0,0,0,0,0,0,0,0,0,0,0,0,0,0,0,0,0,
27da240e3b6709fd21292c0e27c4b7dedb9647e5.html,https://outlook.webaccess-alert.com/s/63BZGFSVBWSFCDX7Y9/584dd8/90eab167-7429-489f-99f6-ce86e8d0d81a,100,webaccess-alert.com,19,0,com,0.0,0.0707070707070707,0.5,-455.38768916005506,3,1,1,3,0.03,57,0.57,29,0.29,0,0,0,0,0.14,1,101,417,1,Adobe-PDF Online,0.0,0.0,1,0,1,0,0,0,0,0,0,0,1,1,0,0,0,0,0,1,3,4,2,1,0,
62899938894aa6fe2a9e90b33272203c73b89529.html,http://pjmathernee.wixsite.com/my-site-1,40,wixsite.com,11,0,com,0.0,0.07692307692307693,0.5,-182.15507566402155,3,1,1,3,0.075,31,0.775,1,0.025,0,0,0,0,0.2,0,0,0,0,,0.0,0.0,0,0,0,0,0,0,0,0,0,0,0,0,0,0,0,0,0,0,0,0,0,0,0,
b79fbedaf41a2ece12dd07ff6f7ec66337a35d6d.html,https://abdul-rasheed-talal.github.io/Netflix-UI-Clone/,55,github.io,9,0,io,0.0,0.05555555555555555,0.5,-250.46322903802962,2,1,1,3,0.05454545454545454,44,0.8,0,0.0,0,0,0,0,0.2,1,142,102,1,"Netflix Pakistan - Watch TV Shows Online, Watch Movies Online",0.0,0.06666666666666667,1,0,1,0,0,0,0,0,0,0,0,0,0,0,0,0,0,11,1,0,0,0,0,
92493cc95db7116f187afb7791def8690c9180d1.html,https://ingresa-seguro.info/pacifico/persona.php,48,ingresa-seguro.info,19,0,info,0.0,0.0425531914893617,0.5,-218.58609079682586,4,0,1,3,0.0625,40,0.8333333333333334,0,0.0,0,0,0,0,0.16666666666666666,1,0,0,0,,0.0,0.0,0,0,0,0,0,0,0,0,0,0,0,0,0,0,0,0,0,0,0,0,0,0,0,
83d036296e08f64c393b3f1783a698e896217282.html,https://webmail.webaccess-email.org/s/63BZGFSVBWSFCDX7Y9/584dd8/90eab167-7429-489f-99f6-ce86e8d0d81a,100,webaccess-email.org,19,0,org,0.0,0.06060606060606061,0.5,-455.38768916005506,3,1,1,3,0.03,57,0.57,29,0.29,0,0,0,0,0.14,1,101,417,1,Adobe-PDF Online,0.0,0.0,1,0,1,0,0,0,0,0,0,0,1,1,0,0,0,0,0,1,3,4,2,1,0,
f9d4fa8218bccc1e6e237d3692fdba959e455b28.html,https://steamconnmunity.com/tradeoffers/new/partners=5612547902000BERgg&token=TLgzzJ132,87,steamconnmunity.com,19,0,com,0.0,0.09302325581395349,0.5,-396.1872895692477,3,0,1,3,0.034482758620689655,61,0.7011494252873564,16,0.1839080459770115,2,0,1,0,0.11494252873563218,1,0,0,0,,0.0,0.0,0,0,0,0,0,0,0,0,0,0,0,0,0,0,0,0,0,0,0,0,0,0,0,
52bbbcf2cd52981d7dbbd6839d6230352964d651.html,https://wildcard.facture-rapide.fr/s/63BZGFSVBWSFCDX7Y9/584dd8/90eab167-7429-489f-99f6-ce86e8d0d81a,99,facture-rapide.fr,17,0,fr,0.0,0.04081632653061224,0.5,-450.8338122684545,2,1,1,3,0.030303030303030304,56,0.5656565656565656,29,0.29292929292929293,0,0,0,0,0.1414141414141414,1,101,417,1,Adobe-PDF Online,0.0,0.0,1,0,1,0,0,0,0,0,0,0,1,1,0,0,0,0,0,1,3,4,2,1,0,
335f46ec2e0e4226dae0f8e8168ec0cca8b2aa76.html,https://connbbggt.top/Contract/index/Lang/en-us,47,connbbggt.top,13,0,top,0.0,0.10869565217391304,0.5,-214.03221390522532,3,0,1,3,0.06382978723404255,38,0.8085106382978723,0,0.0,0,0,0,0,0.19148936170212766,1,0,0,0,,0.0,0.0,0,0,0,0,0,0,0,0,0,0,0,0,0,0,0,0,0,0,0,0,0,0,0,
741b7c16e0b763d259a97e6be5b5fd4c4b765fff.html,http://f.digitalmaillane.com/igit/4/btdk5zbTu64uj1kvb5Tr7mTtq79pl5Tv5aT87zTivTbT4,81,digitalmaillane.com,19,0,com,0.0,0.0375,0.5,-368.8640282196443,3,1,1,3,0.037037037037037035,59,0.7283950617283951,14,0.1728395061728395,0,0,0,0,0.09876543209876543,0,245,10157,1,AT&T,0.0,0.0,0,0,1,0,0,0,0,0,0,0,0,0,0,1,1,0,1,13,23,0,0,0,18,
e496d158ca80f9dfbd3c050080f30157701564cb.html,https://kadaindex.pages.dev/documents-and-resources,51,pages.dev,9,0,dev,0.0,0.04,0.5,-232.24772147162747,3,1,1,3,0.058823529411764705,43,0.8431372549019608,0,0.0,0,0,0,0,0.1568627450980392,1,0,0,0,,0.0,0.0,0,0,0,0,0,0,0,0,0,0,0,0,0,0,0,0,0,0,0,0,0,0,0,
f7dc58a666b254f18ac5e0ded367e79146c34ad2.html,http://f.digitalmaillane.com/igit/4/5o4ao0pSvd18xdw7nhSrjyS6imgy0hS6hmSkjbSu7SnSg,81,digitalmaillane.com,19,0,com,0.0,0.0375,0.5,-368.8640282196443,3,1,1,3,0.037037037037037035,62,0.7654320987654321,11,0.13580246913580246,0,0,0,0,0.09876543209876543,0,245,10152,1,AT&T,0.0,0.0,0,0,1,0,0,0,0,0,0,0,0,0,0,1,1,0,1,13,23,0,0,0,18,
61564b57fa473c1f5aa4f9d46814b0b868b50e6c.html,https://meta-for-business-security-project.pages.dev/,53,pages.dev,9,0,dev,0.0,0.057692307692307696,0.5,-241.35547525482855,3,1,1,3,0.05660377358490566,43,0.8113207547169812,0,0.0,0,0,0,0,0.18867924528301888,1,0,0,0,,0.0,0.0,0,0,0,0,0,0,0,0,0,0,0,0,0,0,0,0,0,0,0,0,0,0,0,
386ab6ef7ebcbe07b1931e9076ffc7c5946cb74a.html,http://f.digitalmaillane.com/igit/4/5p3dk25Ygs4xbudo4yYk0fYhqip3oyYoy3Y00sYboY4Yx,81,digitalmaillane.com,19,0,com,0.0,0.05,0.5,-368.8640282196443,3,1,1,3,0.037037037037037035,60,0.7407407407407407,13,0.16049382716049382,0,0,0,0,0.09876543209876543,0,245,10153,1,AT&T,0.0,0.0,0,0,1,0,0,0,0,0,0,0,0,0,0,1,1,0,1,13,23,0,0,0,18,
8a6bdce8a97580cf8138024cf30bb38d01fc9434.html,http://f.digitalmaillane.com/igit/4/8dwxhnsQkuvncwfq60Qm2hQg0dx4uQq05Q32uQdqQ6Qz,80,digitalmaillane.com,19,0,com,0.0,0.0379746835443038,0.5,-364.31015132804373,3,1,1,3,0.0375,60,0.75,12,0.15,0,0,0,0,0.1,0,245,10140,1,AT&T,0.0,0.0,0,0,1,0,0,0,0,0,0,0,0,0,0,1,1,0,1,13,23,0,0,0,18,
581f85801a5df40171b899dca28bb12b5def3a30.html,https://vaish-2510.github.io/NetFLix_Clone/,43,github.io,9,0,io,0.0,0.047619047619047616,0.5,-195.81670633882317,2,1,1,3,0.06976744186046512,30,0.6976744186046512,4,0.09302325581395349,0,0,0,0,0.20930232558139536,1,205,269,1,"Netflix India – Watch TV Shows Online, Watch Movies Online",0.0,0.07692307692307693,0,0,1,0,0,0,0,0,0,0,0,0,0,0,1,0,0,8,1,0,0,20,0,
054a893f2cf3314211fe1213c32884f62bcf9caa.html,https://summer130421.028426.com/s/63BZGFSVBWSFCDX7Y9/584dd8/90eab167-7429-489f-99f6-ce86e8d0d81a,96,028426.com,10,0,com,0.0,0.05263157894736842,0.5,-437.1721815936528,3,1,1,3,0.03125,42,0.4375,41,0.4270833333333333,0,0,0,0,0.13541666666666666,1,101,417,1,Adobe-PDF Online,0.0,0.0,1,0,1,0,0,0,0,0,0,0,1,1,0,0,0,0,0,1,3,4,2,1,0,
bc6c6474a9890ef3256c32ce1dc3876c031753cb.html,https://zeus.028426.com/s/63BZGFSVBWSFCDX7Y9/584dd8/90eab167-7429-489f-99f6-ce86e8d0d81a,88,028426.com,10,0,com,0.0,0.04597701149425287,0.5,-400.74116646084826,3,1,1,3,0.03409090909090909,40,0.45454545454545453,35,0.3977272727272727,0,0,0,0,0.14772727272727273,1,101,417,1,Adobe-PDF Online,0.0,0.0,1,0,1,0,0,0,0,0,0,0,1,1,0,0,0,0,0,1,3,4,2,1,0,
933f104614c2f182a7ebcc5a06e47431121b984c.html,https://delivery.freightinternationalservices.com/s/63BZGFSVBWSFCDX7Y9/584dd8/90eab167-7429-489f-99f6-ce86e8d0d81a,114,freightinternationalservices.com,32,0,com,0.0,0.035398230088495575,0.5,-519.141965642463,3,1,1,3,0.02631578947368421,72,0.631578947368421,29,0.2543859649122807,0,0,0,0,0.11403508771929824,1,101,417,1,Adobe-PDF Online,0.0,0.0,1,0,1,0,0,0,0,0,0,0,1,1,0,0,0,0,0,1,3,4,2,1,0,
4b5fc015a4f1447108a54f92c6830fba3a531752.html,https://mybdoonline.device-deleted.workers.dev/bdo-form/E9H5Vwr5G3Ty7KVET9i48SUOGXDHnpXdS3VuNlkPpa,98,workers.dev,11,0,dev,0.0,0.030927835051546393,0.5,-446.2799353768539,3,2,1,3,0.030612244897959183,79,0.8061224489795918,9,0.09183673469387756,0,0,0,0,0.10204081632653061,1,0,0,0,,0.0,0.0,0,0,0,0,0,0,0,0,0,0,0,0,0,0,0,0,0,0,0,0,0,0,0,
eae3589e57577be9086f3a3d7187bb5f55a1c115.html,https://bloger.028426.com/s/63BZGFSVBWSFCDX7Y9/584dd8/90eab167-7429-489f-99f6-ce86e8d0d81a,90,028426.com,10,0,com,0.0,0.0449438202247191,0.5,-409.8489202440494,3,1,1,3,0.03333333333333333,42,0.4666666666666667,35,0.3888888888888889,0,0,0,0,0.14444444444444443,1,101,417,1,Adobe-PDF Online,0.0,0.0,1,0,1,0,0,0,0,0,0,0,1,1,0,0,0,0,0,1,3,4,2,1,0,
803da1ae83127aa6130ee3db23b0421fae4ab8dc.html,https://carli.028426.com/s/63BZGFSVBWSFCDX7Y9/584dd8/90eab167-7429-489f-99f6-ce86e8d0d81a,89,028426.com,10,0,com,0.0,0.045454545454545456,0.5,-405.29504335244883,3,1,1,3,0.033707865168539325,41,0.4606741573033708,35,0.39325842696629215,0,0,0,0,0.14606741573033707,1,101,417,1,Adobe-PDF Online,0.0,0.0,1,0,1,0,0,0,0,0,0,0,1,1,0,0,0,0,0,1,3,4,2,1,0,
d58971d275462952cd1033b18d62f0df869d8776.html,https://366yulechengbocaizhuce.028426.com/s/63BZGFSVBWSFCDX7Y9/584dd8/90eab167-7429-489f-99f6-ce86e8d0d81a,106,028426.com,10,0,com,0.0,0.047619047619047616,0.5,-482.71095050965846,3,1,1,3,0.02830188679245283,55,0.5188679245283019,38,0.3584905660377358,0,0,0,0,0.12264150943396226,1,101,417,1,Adobe-PDF Online,0.0,0.0,1,0,1,0,0,0,0,0,0,0,1,1,0,0,0,0,0,1,3,4,2,1,0,
e04ba15ab0a064d63d4422fa9831efe97bc89ff3.html,http://f.digitalmaillane.com/igit/4/afp7qntJ2o7u6n6hxrJdt8J02aejsrJhrwJutlJ4hJxJq,81,digitalmaillane.com,19,0,com,0.0,0.0375,0.5,-368.8640282196443,3,1,1,3,0.037037037037037035,63,0.7777777777777778,10,0.12345679012345678,0,0,0,0,0.09876543209876543,0,245,10153,1,AT&T,0.0,0.0,0,0,1,0,0,0,0,0,0,0,0,0,0,1,1,0,1,13,23,0,0,0,18,
7b16a5d5e7cc087a4351b9645bf2f5da1adf4805.html,http://f.digitalmaillane.com/igit/4/bos3fqjPi6im8dx8oiPldyP1zzmz7PtgmPmkcPv8PoPh,80,digitalmaillane.com,19,0,com,0.0,0.05063291139240506,0.5,-364.31015132804373,3,1,1,3,0.0375,64,0.8,8,0.1,0,0,0,0,0.1,0,249,10434,1,AT&T,0.0,0.0,0,0,1,0,0,0,0,0,0,0,0,0,0,1,1,0,1,14,23,0,0,0,18,
9941be7b10c9f9b247d363353b8e3953a745725c.html,https://help-nddax.webflow.io/,30,webflow.io,10,0,io,0.0,0.10344827586206896,0.5,-136.61630674801617,2,1,1,3,0.1,23,0.7666666666666667,0,0.0,0,0,0,0,0.23333333333333334,1,1,6670,1,NDAXÂ® | Login: Canadaâs Most Secure Crypto Exchange,0.0,0.0,1,0,1,0,0,1,0,0,0,0,0,0,0,0,0,1,0,1,1,3,0,0,0,
b8d3ba8e8e63c7c1ff8517f97d29fabe4422a30f.html,https://mail.all-global-hr.com/s/63BZGFSVBWSFCDX7Y9/584dd8/90eab167-7429-489f-99f6-ce86e8d0d81a,95,all-global-hr.com,17,0,com,0.0,0.05319148936170213,0.5,-432.6183047020522,3,1,1,3,0.031578947368421054,51,0.5368421052631579,29,0.30526315789473685,0,0,0,0,0.15789473684210525,1,101,417,1,Adobe-PDF Online,0.0,0.0,1,0,1,0,0,0,0,0,0,0,1,1,0,0,0,0,0,1,3,4,2,1,0,
afd5f2132080cc7f0d16bea3f820eb91789ec9a7.html,http://www.kkinstagram.com/reel/DI6s2-eoD_O/,44,kkinstagram.com,15,0,com,0.0,0.13953488372093023,0.5,-200.3705832304237,3,1,1,3,0.06818181818181818,32,0.7272727272727273,2,0.045454545454545456,0,0,0,0,0.22727272727272727,0,169,693,1,Instagram,0.0,0.0,1,0,1,2,1,0,2,0,0,0,0,0,0,0,0,0,0,1,1,4,0,0,0,
38b6254fe6025685a5c7724e9c32e289e1bb6ed0.html,https://whats-tp.vip/,21,whats-tp.vip,12,0,vip,0.0,0.1,0.5,-95.63141472361133,3,0,1,3,0.14285714285714285,15,0.7142857142857143,0,0.0,0,0,0,0,0.2857142857142857,1,0,0,0,,0.0,0.0,0,0,0,0,0,0,0,0,0,0,0,0,0,0,0,0,0,0,0,0,0,0,0,
9ed4f3ab5531ee3ca767942414ac6051e1e4fed4.html,https://goprox.cc/go/y28413a4/03b4,34,goprox.cc,9,0,cc,0.0,0.09090909090909091,0.5,-154.83181431441832,2,0,1,3,0.08823529411764706,18,0.5294117647058824,9,0.2647058823529412,0,0,0,0,0.20588235294117646,1,0,0,0,,0.0,0.0,0,0,0,0,0,0,0,0,0,0,0,0,0,0,0,0,0,0,0,0,0,0,0,
3b7556ec97a53627f8cba926b092e542a6cbe0b9.html,https://gameprox.cc/go/y28413a4/03b4/?rdr=1,43,gameprox.cc,11,0,cc,0.0,0.07142857142857142,0.5,-195.81670633882317,2,0,1,3,0.06976744186046512,23,0.5348837209302325,10,0.23255813953488372,1,1,0,0,0.23255813953488372,1,291,281,1,Chat Online,0.0,0.0,1,1,1,3,1,0,0,0,0,0,0,0,0,0,1,1,0,4,5,8,0,0,0,
5ded6ad6e1ef85e5a1bd5df310721bc75dc90464.html,https://zh-imtoken.org.cn/,26,zh-imtoken.org.cn,17,0,org.cn,0.0,0.08,0.5,-118.40079918161402,6,0,1,3,0.11538461538461539,19,0.7307692307692307,0,0.0,0,0,0,0,0.2692307692307692,1,370,215,1,imToken 官网｜以太坊和比特币区块链钱包,0.25,0.2,1,0,1,0,0,1,0,0,0,0,0,0,0,0,1,0,1,28,1,4,2,11,0,
e797863502934d5a224c497dc244413fe40ecadb.html,https://melbourneairportpickup.com.au/wp-includes/musaa456/,59,melbourneairportpickup.com.au,29,0,com.au,0.0,0.05172413793103448,0.5,-268.67873660443183,6,0,1,3,0.05084745762711865,47,0.7966101694915254,3,0.05084745762711865,0,0,0,0,0.15254237288135594,1,825,464315,1,Member Account Login | USAA,0.0,0.0,1,0,1,0,0,1,0,1,0,0,1,0,1,0,0,0,1,0,4,31,1,0,7,
f036fc8e4a04e429b645069bb38ab2cba5eb0dfd.html,https://tamanna10517.github.io/amazoneclone/,44,github.io,9,0,io,0.0,0.06976744186046512,0.5,-200.3705832304237,2,1,1,3,0.06818181818181818,32,0.7272727272727273,5,0.11363636363636363,0,0,0,0,0.1590909090909091,1,0,0,0,,0.0,0.0,0,0,0,0,0,0,0,0,0,0,0,0,0,0,0,0,0,0,0,0,0,0,0,
3395226bcf2db3f4c4d6e60ebf4796863268fd4d.html,http://btinternet-102879.weeblysite.com/,40,weeblysite.com,14,0,com,0.0,0.07692307692307693,0.5,-182.15507566402155,3,1,1,3,0.075,27,0.675,6,0.15,0,0,0,0,0.175,0,0,0,0,,0.0,0.0,0,0,0,0,0,0,0,0,0,0,0,0,0,0,0,0,0,0,0,0,0,0,0,
7411afb251ec172e3bb0716f33c7999223d62a79.html,http://bt-105604.weeblysite.com/,32,weeblysite.com,14,0,com,0.0,0.0967741935483871,0.5,-145.72406053121725,3,1,1,3,0.09375,19,0.59375,6,0.1875,0,0,0,0,0.21875,0,0,0,0,,0.0,0.0,0,0,0,0,0,0,0,0,0,0,0,0,0,0,0,0,0,0,0,0,0,0,0,
b8b31630b0b5240f2683b61a36fac18a409f84e4.html,http://bt-104062.weeblysite.com/,32,weeblysite.com,14,0,com,0.0,0.0967741935483871,0.5,-145.72406053121725,3,1,1,3,0.09375,19,0.59375,6,0.1875,0,0,0,0,0.21875,0,0,0,0,,0.0,0.0,0,0,0,0,0,0,0,0,0,0,0,0,0,0,0,0,0,0,0,0,0,0,0,
d9c8826e29a9290443c0a04aff051861cdf55869.html,https://muhammadhashir786.github.io/amazon-new-clone/,53,github.io,9,0,io,0.0,0.057692307692307696,0.5,-241.35547525482855,2,1,1,3,0.05660377358490566,41,0.7735849056603774,3,0.05660377358490566,0,0,0,0,0.16981132075471697,1,0,0,0,,0.0,0.0,0,0,0,0,0,0,0,0,0,0,0,0,0,0,0,0,0,0,0,0,0,0,0,
22a65a45884e3b2aa91d6b6bffa13ebce22aa80c.html,http://btbt-106339.weeblysite.com/,34,weeblysite.com,14,0,com,0.0,0.12121212121212122,0.5,-154.83181431441832,3,1,1,3,0.08823529411764706,21,0.6176470588235294,6,0.17647058823529413,0,0,0,0,0.20588235294117646,0,0,0,0,,0.0,0.0,0,0,0,0,0,0,0,0,0,0,0,0,0,0,0,0,0,0,0,0,0,0,0,
c18085455a26c145ef5cbd6e33f64d14f663ba99.html,https://advertisers-client-support-impersonation-data.pages.dev/,64,pages.dev,9,0,dev,0.0,0.047619047619047616,0.5,-291.44812106243467,3,1,1,3,0.046875,54,0.84375,0,0.0,0,0,0,0,0.15625,1,0,0,0,,0.0,0.0,0,0,0,0,0,0,0,0,0,0,0,0,0,0,0,0,0,0,0,0,0,0,0,
0f66f6f262a0caff1c5926dcd72324e15d632db9.html,https://docshare21qwesdx32wed5trgfcvi8jwesd908jioew90jiowe9jisjioziok.calnash.com/,82,calnash.com,11,0,com,0.0,0.024691358024691357,0.5,-373.41790511124486,3,1,1,3,0.036585365853658534,64,0.7804878048780488,12,0.14634146341463414,0,0,0,0,0.07317073170731707,1,94,450,1,Processing request...,0.0,0.0,0,0,1,0,0,0,0,0,0,0,0,0,0,0,0,0,1,0,1,1,0,0,0,
337160f5f10170611f849bc294f172dddd6fc974.html,https://advertisers-client-support-compliance-problem.pages.dev/,64,pages.dev,9,0,dev,0.0,0.047619047619047616,0.5,-291.44812106243467,3,1,1,3,0.046875,54,0.84375,0,0.0,0,0,0,0,0.15625,1,0,0,0,,0.0,0.0,0,0,0,0,0,0,0,0,0,0,0,0,0,0,0,0,0,0,0,0,0,0,0,
5df099a6f127eb3c44e044511ed93217cf74ede7.html,https://productosdini.com.ar/no_htts/moviies/login.php,54,productosdini.com.ar,20,0,com.ar,0.0,0.07547169811320754,0.5,-245.9093521464291,6,0,1,3,0.05555555555555555,44,0.8148148148148148,0,0.0,0,0,0,0,0.18518518518518517,1,0,0,0,,0.0,0.0,0,0,0,0,0,0,0,0,0,0,0,0,0,0,0,0,0,0,0,0,0,0,0,
fcbf233639b5f74dce00b1d1c8ab37d2d3148c68.html,https://humayao345678.github.io/Humayo/,39,github.io,9,0,io,0.0,0.05263157894736842,0.5,-177.60119877242101,2,1,1,3,0.07692307692307693,26,0.6666666666666666,6,0.15384615384615385,0,0,0,0,0.1794871794871795,1,0,0,0,,0.0,0.0,0,0,0,0,0,0,0,0,0,0,0,0,0,0,0,0,0,0,0,0,0,0,0,
8a2b89b1f8cadc1d14a99c7eb001c6a36db1b676.html,https://learn-legrcom-auth.pages.dev/,37,pages.dev,9,0,dev,0.0,0.05555555555555555,0.5,-168.49344498921994,3,1,1,3,0.08108108108108109,29,0.7837837837837838,0,0.0,0,0,0,0,0.21621621621621623,1,0,0,0,,0.0,0.0,0,0,0,0,0,0,0,0,0,0,0,0,0,0,0,0,0,0,0,0,0,0,0,
b61922c97531d1d887d50d739dfde1f87cadebf5.html,https://kkinstagram.com/reel/DPaZtnmiCp8/?igsh=dDUxbmw4aWd2aWQw,63,kkinstagram.com,15,0,com,0.0,0.06451612903225806,0.5,-286.8942441708341,3,0,1,3,0.047619047619047616,51,0.8095238095238095,3,0.047619047619047616,1,1,0,0,0.14285714285714285,1,169,693,1,Instagram,0.0,0.0,1,0,1,1,1,0,2,0,0,0,0,0,0,0,0,0,0,1,1,4,0,0,0,
92747092dc0eba8cadeba78ae346768c51a5279c.html,https://meta-framex-24f.pages.dev/,34,pages.dev,9,0,dev,0.0,0.06060606060606061,0.5,-154.83181431441832,3,1,1,3,0.08823529411764706,24,0.7058823529411765,2,0.058823529411764705,0,0,0,0,0.23529411764705882,1,0,0,0,,0.0,0.0,0,0,0,0,0,0,0,0,0,0,0,0,0,0,0,0,0,0,0,0,0,0,0,
d2fd8ef1da31944709c7257505a8a3bf449a2447.html,https://facture-orange.vercel.app/,34,vercel.app,10,0,app,0.0,0.09090909090909091,0.5,-154.83181431441832,3,1,1,3,0.08823529411764706,27,0.7941176470588235,0,0.0,0,0,0,0,0.20588235294117646,1,491,99740,1,ID,0.0,0.0,0,0,1,0,0,0,0,0,0,0,0,0,0,0,1,0,0,6,4,6,15,15,0,
d797586bc50eac14eefb5fa2d1a7b738914800c4.html,http://f.digitalmaillane.com/igit/4/cc2hhbzK09jf04ozf9Kc4pKfaxx4m9Kk7dKab3KmzKfK8,81,digitalmaillane.com,19,0,com,0.0,0.075,0.5,-368.8640282196443,3,1,1,3,0.037037037037037035,60,0.7407407407407407,13,0.16049382716049382,0,0,0,0,0.09876543209876543,0,249,10446,1,AT&T,0.0,0.0,0,0,1,0,0,0,0,0,0,0,0,0,0,1,1,0,1,14,23,0,0,0,18,
2be1d085f99b98c6ff3020ce90cbabc5367a4318.html,https://pub-988628dfc24e41159991efd386ba77a3.r2.dev/blo.html,60,r2.dev,6,0,dev,0.0,0.11864406779661017,0.5,-273.2326134960324,3,1,1,3,0.05,29,0.48333333333333334,23,0.38333333333333336,0,0,0,0,0.13333333333333333,1,31,248953,0,,0.0,0.0,0,0,0,0,0,0,0,0,0,0,0,0,0,0,0,0,0,0,0,2,0,0,0,
272febcbd16978f7f07c1b3200d72f5807dfdbfa.html,https://bakhtiarisrafil.com/8FFd6W7Qd22m1Yngmd3PnrrfG4x7oT9778ml2ZEuEcj96hMSJBtET9FgUXS7dyl9DUbdN4WK4bb6iGLU1u_CZyhA49gRfXOhrfjkkN_wkpnqkFxFSstw337/,148,bakhtiarisrafil.com,19,0,com,0.0,0.061224489795918366,0.5,-673.9737799568823,3,0,1,3,0.02027027027027027,112,0.7567567567567568,28,0.1891891891891892,0,0,0,0,0.05405405405405406,1,501,872,1,DocuSign - Secure Login,0.0,0.0,1,0,1,0,0,0,0,0,0,0,1,0,0,0,0,0,1,1,1,1,7,7,0,
690de2763b55017369eaad83a19455dacc9c8d19.html,https://sejaumfranqueado.flowcoffee.com.br/cops/,48,flowcoffee.com.br,17,0,com.br,0.0,0.0851063829787234,0.5,-218.58609079682586,6,1,1,3,0.0625,40,0.8333333333333334,0,0.0,0,0,0,0,0.16666666666666666,1,1487,51575,1,Sign In,0.0,0.0,1,0,1,0,0,0,0,0,0,0,0,0,1,0,0,0,0,7,1,1,0,0,0,
b03c2d243818ba0b881118e8b32c776b1ed1d324.html,https://claro-uy.help/,22,claro-uy.help,13,0,help,0.0,0.09523809523809523,0.5,-100.18529161521187,4,0,1,3,0.13636363636363635,16,0.7272727272727273,0,0.0,0,0,0,0,0.2727272727272727,1,0,0,0,,0.0,0.0,0,0,0,0,0,0,0,0,0,0,0,0,0,0,0,0,0,0,0,0,0,0,0,
8914f8f50ed86aaca807487934debf2af449ea71.html,https://dpd-trackss.top/en/,27,dpd-trackss.top,15,0,top,0.0,0.11538461538461539,0.5,-122.95467607321456,3,0,1,3,0.1111111111111111,20,0.7407407407407407,0,0.0,0,0,0,0,0.25925925925925924,1,0,0,0,,0.0,0.0,0,0,0,0,0,0,0,0,0,0,0,0,0,0,0,0,0,0,0,0,0,0,0,
1e21df794de565741e627ecce8020a82e7525b46.html,https://jatin2004-code.github.io/Netflix-clone/,47,github.io,9,0,io,0.0,0.06521739130434782,0.5,-214.03221390522532,2,1,1,3,0.06382978723404255,34,0.723404255319149,4,0.0851063829787234,0,0,0,0,0.19148936170212766,1,172,213,1,"Netflix India – Watch TV Shows Online, Watch Movies Online",0.0,0.07692307692307693,0,0,1,0,0,0,0,0,0,0,0,0,0,0,0,0,0,5,1,0,0,0,0,
4306d7e1c8d46ab8aec6d49ca75becbcdd19270a.html,https://accountcenter-help-bussiness.pages.dev/es/login/10005454872268/,71,pages.dev,9,0,dev,0.0,0.11428571428571428,0.5,-323.32525930363863,3,1,1,3,0.04225352112676056,46,0.647887323943662,14,0.19718309859154928,0,0,0,0,0.15492957746478872,1,0,0,0,,0.0,0.0,0,0,0,0,0,0,0,0,0,0,0,0,0,0,0,0,0,0,0,0,0,0,0,
56215b2c701fc653faddf7e8e11e571e7b6eaba8.html,https://linkccx-ld-webs.vanxx.co/,33,vanxx.co,8,0,co,0.0,0.125,0.5,-150.27793742281779,2,1,1,3,0.09090909090909091,25,0.7575757575757576,0,0.0,0,0,0,0,0.24242424242424243,1,439,240,1,ððð¡ð | ððððð¼ðºð²ð¿ ðð®ð¿ð² ððð¡ð,0.0,0.0,1,0,1,0,0,1,0,0,0,0,1,0,0,0,0,0,0,12,6,4,7,7,0,
24a28dd44c85e6f57c8a4f9e1a0b0f75b9aaa3f1.html,https://literate-happiness-six.vercel.app/,42,vercel.app,10,0,app,0.0,0.12195121951219512,0.5,-191.26282944722263,3,1,1,3,0.07142857142857142,34,0.8095238095238095,0,0.0,0,0,0,0,0.19047619047619047,1,344,296,1,Naver Sign in,0.0,0.0,1,1,1,0,0,1,0,0,0,0,1,1,1,0,0,0,1,0,1,10,6,4,3,
981ee0194325b92da1b8cd4a958fcfbbb8c9fc45.html,https://web-ob-whatsapp.com.cn/,31,web-ob-whatsapp.com.cn,22,0,com.cn,0.0,0.1,0.5,-141.1701836396167,6,0,1,3,0.0967741935483871,23,0.7419354838709677,0,0.0,0,0,0,0,0.25806451612903225,1,26,115,1,WhatsAppç½é¡µç - å®æ¹å¥å£,0.2,0.16666666666666666,0,0,1,0,0,1,0,0,0,0,0,0,0,0,0,0,0,1,1,0,0,0,0,
b3e12ce9f22f092753fac4a33551501698a101d8.html,https://darshankardil-create.github.io/amazon/,46,github.io,9,0,io,0.0,0.044444444444444446,0.5,-209.47833701362478,2,1,1,3,0.06521739130434782,38,0.8260869565217391,0,0.0,0,0,0,0,0.17391304347826086,1,559,169,1,Amazon,0.0,0.16666666666666666,0,0,0,0,0,0,0,0,0,0,0,0,0,0,0,0,0,0,2,1,0,0,0,
d80d9cf3697909666de83bbf236287105a7f4cb0.html,https://cobbssggr.top/Contract/index/Lang/en-us,47,cobbssggr.top,13,0,top,0.0,0.10869565217391304,0.5,-214.03221390522532,3,0,1,3,0.06382978723404255,38,0.8085106382978723,0,0.0,0,0,0,0,0.19148936170212766,1,0,0,0,,0.0,0.0,0,0,0,0,0,0,0,0,0,0,0,0,0,0,0,0,0,0,0,0,0,0,0,
fbe30927769743ae13b173970499f5872445c73a.html,https://campanha.propostacartaox.com/device-blocked?reason=Desktop+acc,70,propostacartaox.com,19,0,com,0.0,0.043478260869565216,0.5,-318.77138241203807,3,1,1,3,0.04285714285714286,60,0.8571428571428571,0,0.0,1,1,0,1,0.14285714285714285,1,0,0,0,,0.0,0.0,0,0,0,0,0,0,0,0,0,0,0,0,0,0,0,0,0,0,0,0,0,0,0,
6d7f88ba9486b9f680afe2a4fb7a2b0ec6901062.html,https://s.teampp.cfd/p/gkhs-kwlp/bnklfgtrntn/,45,teampp.cfd,10,0,cfd,0.0,0.06818181818181818,0.5,-204.92446012202424,3,1,1,3,0.06666666666666667,35,0.7777777777777778,0,0.0,0,0,0,0,0.2222222222222222,1,0,0,0,,0.0,0.0,0,0,0,0,0,0,0,0,0,0,0,0,0,0,0,0,0,0,0,0,0,0,0,
a1dc24834fe7e92437722b9a4220cdfc60096803.html,http://verificationscotiaregistry.com/,38,verificationscotiaregistry.com,30,0,com,0.0,0.05405405405405406,0.5,-173.04732188082048,3,0,1,3,0.07894736842105263,33,0.868421052631579,0,0.0,0,0,0,0,0.13157894736842105,0,0,0,0,,0.0,0.0,0,0,0,0,0,0,0,0,0,0,0,0,0,0,0,0,0,0,0,0,0,0,0,
81a4c5c108374e5fda7d2b52cf738973873df215.html,https://hjft-wahtsapp.com/_layouts/15/spinstall0.aspx,53,hjft-wahtsapp.com,17,0,com,0.0,0.07692307692307693,0.5,-241.35547525482855,3,0,1,3,0.05660377358490566,40,0.7547169811320755,3,0.05660377358490566,0,0,0,0,0.18867924528301888,1,556,682,1,WhatsApp如何知道被刪除？ - 新闻 - whatsapp 网页版登入,0.0,0.0,0,0,0,0,0,0,0,0,0,0,1,1,0,0,0,0,1,2,1,2,0,9,5,
d4b91c4fc098a193371b0fd04d88478ae726b6ab.html,https://bbj-wahst5pp.com/boke,29,bbj-wahst5pp.com,16,0,com,0.0,0.14285714285714285,0.5,-132.06242985641563,3,0,1,3,0.10344827586206896,22,0.7586206896551724,1,0.034482758620689655,0,0,0,0,0.20689655172413793,1,423,654,1,WhatsApp風控規避策略 - 4個必知注意事項 - 博客 - whatsapp 网页版登入,0.0,0.0,0,0,0,0,0,0,0,0,0,0,1,1,0,0,0,0,1,2,1,2,0,9,5,
d0650a735196a0c922b91b3a7a0885229556cb2e.html,https://ptjh-wahtsapp.com/_layouts/15/spinstall0.aspx,53,ptjh-wahtsapp.com,17,0,com,0.0,0.07692307692307693,0.5,-241.35547525482855,3,0,1,3,0.05660377358490566,40,0.7547169811320755,3,0.05660377358490566,0,0,0,0,0.18867924528301888,1,444,605,1,WhatsApp自動翻譯功能 - 支援6種語言詳解 - 博客 - WhatsApp 官网,0.0,0.0,0,0,0,0,0,0,0,0,0,0,1,1,0,1,0,0,1,2,1,2,0,9,5,
dea92343a758707d27a835a9c7ddac44cfa880a5.html,https://neheta.github.io/Amazon-Clone/,38,github.io,9,0,io,0.0,0.05405405405405406,0.5,-173.04732188082048,2,1,1,3,0.07894736842105263,30,0.7894736842105263,0,0.0,0,0,0,0,0.21052631578947367,1,0,0,0,,0.0,0.0,0,0,0,0,0,0,0,0,0,0,0,0,0,0,0,0,0,0,0,0,0,0,0,
fad8e5f672c4cbb855a587f1971c6032b08beae2.html,https://apple-icloud-login.com/,31,apple-icloud-login.com,22,0,com,0.0,0.1,0.5,-141.1701836396167,3,0,1,3,0.0967741935483871,24,0.7741935483870968,0,0.0,0,0,0,0,0.22580645161290322,1,0,0,0,,0.0,0.0,0,0,0,0,0,0,0,0,0,0,0,0,0,0,0,0,0,0,0,0,0,0,0,
fc0f64f52ef1042a4656836b203cdc2c04329515.html,https://kkinstagram.com/reel/DP1QZitiCm0/?igsh=M2M3Z2h2Zzg0Z2wy,63,kkinstagram.com,15,0,com,0.0,0.06451612903225806,0.5,-286.8942441708341,3,0,1,3,0.047619047619047616,46,0.7301587301587301,8,0.12698412698412698,1,1,0,0,0.14285714285714285,1,169,693,1,Instagram,0.0,0.0,1,0,1,1,1,0,2,0,0,0,0,0,0,0,0,0,0,1,1,4,0,0,0,
0c8f9f559cf44efcacfbe840fb6c1cfba604747b.html,http://hwsrv-472845.hostwindsdns.com/,37,hostwindsdns.com,16,0,com,0.0,0.05555555555555555,0.5,-168.49344498921994,3,1,1,3,0.08108108108108109,24,0.6486486486486487,6,0.16216216216216217,0,0,0,0,0.1891891891891892,0,0,0,0,,0.0,0.0,0,0,0,0,0,0,0,0,0,0,0,0,0,0,0,0,0,0,0,0,0,0,0,
e9d8da5ee56f0cacf45fc0f192c413a7b6755c4d.html,http://hwsrv-472845.hostwindsdns.com/start.html,47,hostwindsdns.com,16,0,com,0.0,0.043478260869565216,0.5,-214.03221390522532,3,1,1,3,0.06382978723404255,33,0.7021276595744681,6,0.1276595744680851,0,0,0,0,0.1702127659574468,0,0,0,0,,0.0,0.0,0,0,0,0,0,0,0,0,0,0,0,0,0,0,0,0,0,0,0,0,0,0,0,
1c74aec8a1d6fb73edc53a4ee08b2172da78e51e.html,https://superfacilfeirao-ghee.shop/inicio/,42,superfacilfeirao-ghee.shop,26,0,shop,0.0,0.07317073170731707,0.5,-191.26282944722263,4,0,1,3,0.07142857142857142,35,0.8333333333333334,0,0.0,0,0,0,0,0.16666666666666666,1,0,0,0,,0.0,0.0,0,0,0,0,0,0,0,0,0,0,0,0,0,0,0,0,0,0,0,0,0,0,0,
27d4b55ea1e8f02885feccc3899a47de90d2853f.html,https://goprox.cc/go/43f403/03a4,32,goprox.cc,9,0,cc,0.0,0.0967741935483871,0.5,-145.72406053121725,2,0,1,3,0.09375,17,0.53125,8,0.25,0,0,0,0,0.21875,1,0,0,0,,0.0,0.0,0,0,0,0,0,0,0,0,0,0,0,0,0,0,0,0,0,0,0,0,0,0,0,
753fbc0c2b815490f2ed3193b8eb816429c88878.html,http://01-pontosagora.dynv6.net/mobile/index.php?hash=82267844468f7bef,70,dynv6.net,9,0,net,0.0,0.07246376811594203,0.5,-318.77138241203807,3,1,1,3,0.04285714285714286,44,0.6285714285714286,15,0.21428571428571427,1,1,0,0,0.15714285714285714,0,89,217,1,Bradesco,0.0,0.0,1,0,1,0,0,0,0,0,0,0,1,0,0,0,0,0,0,3,3,3,0,0,0,
36bdba5a347e7ccab2ca8b60c0f065ef1009cd9c.html,https://auth-secure.me/O_iri9EeuYtp2Zg?/workitems/3ont208h/WorkItemMention/VGhpcyBtaWdodCBiZSBhIEhveGh1bnQgc2ltdWxhdGlvbi4gT25seSBvbmUgd2F5IHRvIGZpbmQgb3V0Li4u,159,auth-secure.me,14,0,me,0.0,0.012658227848101266,0.5,-724.0664257644885,2,0,1,3,0.018867924528301886,131,0.8238993710691824,16,0.10062893081761007,0,1,0,0,0.07547169811320754,1,1259,22967,1,Sign in to your Microsoft account,0.0,0.0,1,1,1,0,0,0,0,0,0,0,0,0,0,0,0,0,0,4,2,1,0,0,8,
da8f1f2600f555660cc458199fddb05be76518ab.html,https://i9hhk79i-trezor.vercel.app/,35,vercel.app,10,0,app,0.0,0.11764705882352941,0.5,-159.38569120601886,3,1,1,3,0.08571428571428572,25,0.7142857142857143,3,0.08571428571428572,0,0,0,0,0.2,1,14,7804,1,Trézor.io/start®® | Starting Up Your Device®,0.0,0.0,0,1,1,0,0,1,0,0,0,0,0,0,0,1,0,1,0,1,1,0,0,0,0,
d3511cb7a7ac00b6738147c37473a0e1311f24dc.html,https://kkinstagram.com/reel/DP9KO8ZCAPU/?igsh=MXRsbGpvb21zM254MA==,67,kkinstagram.com,15,0,com,0.0,0.07575757575757576,0.5,-305.10975173723637,3,0,1,3,0.04477611940298507,49,0.7313432835820896,7,0.1044776119402985,3,1,0,0,0.16417910447761194,1,169,693,1,Instagram,0.0,0.0,1,0,1,1,1,0,2,0,0,0,0,0,0,0,0,0,0,1,1,4,0,0,0,
5893978e79fa3199a53fe9a2ff39547312345ec6.html,http://market.dratassianaalves.com.br/,38,dratassianaalves.com.br,23,0,com.br,0.0,0.10810810810810811,0.5,-173.04732188082048,6,1,1,3,0.07894736842105263,31,0.8157894736842105,0,0.0,0,0,0,0,0.18421052631578946,0,20,446025,0,,0.0,0.0,0,0,0,0,0,0,0,0,0,0,0,0,0,0,0,0,0,0,0,1,0,0,0,
a58506de16282f454b290a366378059ab3eeb95e.html,https://lfn-wahst5pp.com/_layouts/15/spinstall0.aspx,52,lfn-wahst5pp.com,16,0,com,0.0,0.0784313725490196,0.5,-236.801598363228,3,0,1,3,0.057692307692307696,38,0.7307692307692307,4,0.07692307692307693,0,0,0,0,0.19230769230769232,1,234,1007,1,WhatsApp，便捷增加众全球障日今天生活将中 - 使用教程 - WhatsApp 官网,0.0,0.0,0,0,0,0,0,0,0,0,0,0,1,1,0,0,0,0,1,2,1,2,0,9,5,
484604a8a6e78daa297aaa6fffe976af0300293a.html,http://dpd-tracksg.top/en/,26,dpd-tracksg.top,15,0,top,0.0,0.08,0.5,-118.40079918161402,3,0,1,3,0.11538461538461539,19,0.7307692307692307,0,0.0,0,0,0,0,0.2692307692307692,0,0,0,0,,0.0,0.0,0,0,0,0,0,0,0,0,0,0,0,0,0,0,0,0,0,0,0,0,0,0,0,
ac8518f3e62575824c2fa4b81ceaa92faafa2c0b.html,https://listado.mercadolibre.com.uy/pagina/stickerland/,55,mercadolibre.com.uy,19,0,com.uy,0.0,0.037037037037037035,0.5,-250.46322903802962,6,1,1,3,0.05454545454545454,46,0.8363636363636363,0,0.0,0,0,0,0,0.16363636363636364,1,665,149900,1,STICKERLAND,0.0,0.14285714285714285,1,1,1,0,0,0,3,0,1,1,1,0,0,0,0,0,1,7,10,13,6,1,177,
d913a5ce89f524752e91e9b72f0c0633866aaf2e.html,https://tnnj-wahtsapp.com/boke,30,tnnj-wahtsapp.com,17,0,com,0.0,0.13793103448275862,0.5,-136.61630674801617,3,0,1,3,0.1,24,0.8,0,0.0,0,0,0,0,0.2,1,234,1633,1,WhatsApp 网页版登陆入口(whatsapp网页版登陆入口) - 博客 - whatsapp 网页版入口,0.0,0.0,0,0,0,0,0,0,0,0,0,0,1,1,0,0,0,0,1,1,1,2,0,9,5,
5b5b86c7c916eed868e49242036ee57ee624dd3f.html,https://rbfcu-star.azurewebsites.net/(S(kky5gavxxhoe4qfgebt54fdr))/Main/Login,77,azurewebsites.net,17,0,net,0.0,0.06578947368421052,0.5,-350.64852065324203,3,1,1,6,0.07792207792207792,60,0.7792207792207793,4,0.05194805194805195,0,0,0,4,0.16883116883116883,1,597,204,1,Login - RBFCU STAR,0.0,0.3333333333333333,0,0,1,1,0,0,4,0,0,0,0,1,1,0,0,0,1,3,4,20,7,7,0,
d1fbb67753da1799ad9331ca4b60cea6f08d0314.html,https://rbfcu-star.azurewebsites.net/(S(w32fhmdo2stkupru42lixrlb))/,67,azurewebsites.net,17,0,net,0.0,0.045454545454545456,0.5,-305.10975173723637,3,1,1,6,0.08955223880597014,50,0.746268656716418,5,0.07462686567164178,0,0,0,4,0.1791044776119403,1,597,204,1,Login - RBFCU STAR,0.0,0.25,0,0,1,2,0,0,4,0,0,0,0,1,1,0,0,0,1,3,4,20,7,7,0,
68ac456d80edea7194dc13ffe77ce3b503a5bb5b.html,https://www.kkinstagram.com/reel/DPw52-FEhOT/?igsh=MWttNzU0ajZvY2NjNg==,71,kkinstagram.com,15,0,com,0.0,0.11428571428571428,0.5,-323.32525930363863,3,1,1,3,0.04225352112676056,54,0.7605633802816901,4,0.056338028169014086,3,1,0,0,0.18309859154929578,1,169,693,1,Instagram,0.0,0.0,1,0,1,1,1,0,2,0,0,0,0,0,0,0,0,0,0,1,1,4,0,0,0,
120c2e2fcd7d1333b77b3d2ca545cc57609ffdb6.html,https://bxdp-wahtsapp.com/boke,30,bxdp-wahtsapp.com,17,0,com,0.0,0.10344827586206896,0.5,-136.61630674801617,3,0,1,3,0.1,24,0.8,0,0.0,0,0,0,0,0.2,1,400,932,1,WhatsApp自動回覆觸發詞 - 5個高頻詞庫 - 博客 - whatsapp web login,0.0,0.0,0,0,0,0,0,0,0,0,0,0,1,1,0,0,0,0,1,2,1,2,0,9,5,
8c156e0314eb2d037f92f45146bf98e3e3084956.html,https://wwm-wahst5pp.com/shiyongjiaocheng,41,wwm-wahst5pp.com,16,0,com,0.0,0.1,0.5,-186.7089525556221,3,0,1,3,0.07317073170731707,34,0.8292682926829268,1,0.024390243902439025,0,0,0,0,0.14634146341463414,1,360,596,1,WhatsApp風控機制解析 - 5種觸發條件避免 - 使用教程 - whatsapp web login,0.0,0.0,0,0,0,0,0,0,0,0,0,0,1,1,0,0,0,0,1,2,1,2,0,9,5,
0312a80010a3d0fe0dbb96bfec04280db556c7bc.html,https://kkinstagram.com/reel/DO8Q8xmjC5U/?igsh=MXZ5N3Z5bmlucWhxMA==,67,kkinstagram.com,15,0,com,0.0,0.07575757575757576,0.5,-305.10975173723637,3,0,1,3,0.04477611940298507,50,0.746268656716418,6,0.08955223880597014,3,1,0,0,0.16417910447761194,1,169,693,1,Instagram,0.0,0.0,1,0,1,1,1,0,2,0,0,0,0,0,0,0,0,0,0,1,1,4,0,0,0,
403736a35784700f1dc04934999ea91a44faa2d1.html,http://recebidohojettk.shop/,28,recebidohojettk.shop,20,0,shop,0.0,0.1111111111111111,0.5,-127.5085529648151,4,0,1,3,0.10714285714285714,23,0.8214285714285714,0,0.0,0,0,0,0,0.17857142857142858,0,0,0,0,,0.0,0.0,0,0,0,0,0,0,0,0,0,0,0,0,0,0,0,0,0,0,0,0,0,0,0,
52c80f584845ebef9b570482a97191e3873646bf.html,https://tarefaspagasttk.shop/,29,tarefaspagasttk.shop,20,0,shop,0.0,0.10714285714285714,0.5,-132.06242985641563,4,0,1,3,0.10344827586206896,24,0.8275862068965517,0,0.0,0,0,0,0,0.1724137931034483,1,0,0,0,,0.0,0.0,0,0,0,0,0,0,0,0,0,0,0,0,0,0,0,0,0,0,0,0,0,0,0,
f8fb517f73e3ec2d01613edc954376e0cbda0ea7.html,https://tiktok.shop.hoverboardtrix.shop/,40,hoverboardtrix.shop,19,0,shop,0.0,0.05128205128205128,0.5,-182.15507566402155,4,2,1,3,0.075,33,0.825,0,0.0,0,0,0,0,0.175,1,0,0,0,,0.0,0.0,0,0,0,0,0,0,0,0,0,0,0,0,0,0,0,0,0,0,0,0,0,0,0,
e7e827daa768d9f83f2c4a2166592724b7f9df59.html,https://creme-rosa.ttiktok.shop/,32,ttiktok.shop,12,0,shop,0.0,0.0967741935483871,0.5,-145.72406053121725,4,1,1,3,0.09375,25,0.78125,0,0.0,0,0,0,0,0.21875,1,0,0,0,,0.0,0.0,0,0,0,0,0,0,0,0,0,0,0,0,0,0,0,0,0,0,0,0,0,0,0,
5fc99154cb571a5e13b6ae56379d9a7c4bfb2f55.html,http://att-t.bitbucket.io/,26,bitbucket.io,12,0,io,0.0,0.12,0.5,-118.40079918161402,2,1,1,3,0.11538461538461539,19,0.7307692307692307,0,0.0,0,0,0,0,0.2692307692307692,0,0,0,0,,0.0,0.0,0,0,0,0,0,0,0,0,0,0,0,0,0,0,0,0,0,0,0,0,0,0,0,
e6ed2e3ba1e1c55b1f3fa5c99a97d8efdf7d4d6f.html,http://pageid564938564-ads.ubpages.com/ils2025/,47,ubpages.com,11,0,com,0.0,0.043478260869565216,0.5,-214.03221390522532,3,1,1,3,0.06382978723404255,26,0.5531914893617021,13,0.2765957446808511,0,0,0,0,0.1702127659574468,0,1340,10927,1,Facebook,0.0,0.0,0,0,1,0,0,1,0,0,0,0,1,1,0,0,1,0,1,8,5,7,0,0,0,
15f7495c1e2c1f8cd187c1e19bb9ff30eb67214c.html,https://kkinstagram.com/reel/DNIgF-II7WL/?igsh=MXV1cDJsaWEzMGhxdw==,67,kkinstagram.com,15,0,com,0.0,0.09090909090909091,0.5,-305.10975173723637,3,0,1,3,0.04477611940298507,53,0.7910447761194029,2,0.029850746268656716,3,1,0,0,0.1791044776119403,1,169,693,1,Instagram,0.0,0.0,1,0,1,1,1,0,2,0,0,0,0,0,0,0,0,0,0,1,1,4,0,0,0,
3ac35a075384acdf1ec77678b4f28665578c8714.html,https://084793.com/s/63BZGFSVBWSFCDX7Y9/584dd8/90eab167-7429-489f-99f6-ce86e8d0d81a,83,084793.com,10,0,com,0.0,0.04878048780487805,0.5,-377.97178200284543,3,0,1,3,0.03614457831325301,36,0.43373493975903615,35,0.42168674698795183,0,0,0,0,0.14457831325301204,1,101,417,1,Adobe-PDF Online,0.0,0.0,1,0,1,0,0,0,0,0,0,0,1,1,0,0,0,0,0,1,3,4,2,1,0,
3a725eea3cc337903abd71fcc4d20f167ecdd96d.html,https://rbfcu-star.azurewebsites.net/(S(30wrm5ovsgbqgqyq2sx11qcw))/Main/Login,77,azurewebsites.net,17,0,net,0.0,0.05263157894736842,0.5,-350.64852065324203,3,1,1,6,0.07792207792207792,58,0.7532467532467533,6,0.07792207792207792,0,0,0,4,0.16883116883116883,1,597,204,1,Login - RBFCU STAR,0.0,0.3333333333333333,0,0,1,1,0,0,4,0,0,0,0,1,1,0,0,0,1,3,4,20,7,7,0,
b8e6a0d4978936ec8e424eda186ad2781bcc66cd.html,https://rbfcu-star.azurewebsites.net/(S(clrhwua2chs4zr5dvmuuuqy3))/,67,azurewebsites.net,17,0,net,0.0,0.07575757575757576,0.5,-305.10975173723637,3,1,1,6,0.08955223880597014,51,0.7611940298507462,4,0.05970149253731343,0,0,0,4,0.1791044776119403,1,597,204,1,Login - RBFCU STAR,0.0,0.25,0,0,1,2,0,0,4,0,0,0,0,1,1,0,0,0,1,3,4,20,7,7,0,
178a5cfe91c770633fa436fa063acad766f75f8c.html,https://027saibo.com/,21,027saibo.com,12,0,com,0.0,0.1,0.5,-95.63141472361133,3,0,1,3,0.14285714285714285,13,0.6190476190476191,3,0.14285714285714285,0,0,0,0,0.23809523809523808,1,11769,11572,1,bet365 -No.1 体育投注，世界锦标赛斯诺克赔率，百家乐娱乐场，扑克牌，电子游戏,0.0,0.0,1,0,0,1,1,1,37,0,0,0,0,1,1,0,0,0,1,56,13,56,20,20,3,
600605c31cd4198be2019ba75995479fdbc9dcb7.html,https://www.azikus-official.com/,32,azikus-official.com,19,0,com,0.0,0.16129032258064516,0.5,-145.72406053121725,3,1,1,3,0.09375,25,0.78125,0,0.0,0,0,0,0,0.21875,1,0,0,0,,0.0,0.0,0,0,0,0,0,0,0,0,0,0,0,0,0,0,0,0,0,0,0,0,0,0,0,
223b50eb1ccc4f84299a7761e2d57ba3c86b61f4.html,https://rbfcu-star.azurewebsites.net/(S(igm2ufwl55dt3y2rokfm4zfh))/Main/Login,77,azurewebsites.net,17,0,net,0.0,0.05263157894736842,0.5,-350.64852065324203,3,1,1,6,0.07792207792207792,58,0.7532467532467533,6,0.07792207792207792,0,0,0,4,0.16883116883116883,1,597,204,1,Login - RBFCU STAR,0.0,0.3333333333333333,0,0,1,1,0,0,4,0,0,0,0,1,1,0,0,0,1,3,4,20,7,7,0,
035a729ba67dd3a95cf2ae6c4d6319e1611646c3.html,https://rbfcu-star.azurewebsites.net/(S(hl25vmfznxwfqs1ks35ll2yv))/,67,azurewebsites.net,17,0,net,0.0,0.06060606060606061,0.5,-305.10975173723637,3,1,1,6,0.08955223880597014,49,0.7313432835820896,6,0.08955223880597014,0,0,0,4,0.1791044776119403,1,597,204,1,Login - RBFCU STAR,0.0,0.25,0,0,1,2,0,0,4,0,0,0,0,1,1,0,0,0,1,3,4,20,7,7,0,
b99b29355ea5813d9914cb666d2de58971b4c683.html,http://baollll2.cc/,19,baollll2.cc,11,0,cc,0.0,0.3333333333333333,0.5,-86.52366094041025,2,0,1,3,0.15789473684210525,13,0.6842105263157895,1,0.05263157894736842,0,0,0,0,0.2631578947368421,0,60,123,1,éå¿èä¸ºï¼éæ§èæ´»,0.0,0.0,0,0,1,1,1,0,0,0,0,0,0,0,0,0,0,0,1,0,1,0,0,0,0,
bf67a2d2e908ff7cdc4f8f5e1198e5a0aec0e458.html,https://rbfcu-star.azurewebsites.net/(S(s3xs32za2c3j0beub2xmik4i))/Main/Login,77,azurewebsites.net,17,0,net,0.0,0.039473684210526314,0.5,-350.64852065324203,3,1,1,6,0.07792207792207792,56,0.7272727272727273,8,0.1038961038961039,0,0,0,4,0.16883116883116883,1,597,204,1,Login - RBFCU STAR,0.0,0.3333333333333333,0,0,1,1,0,0,4,0,0,0,0,1,1,0,0,0,1,3,4,20,7,7,0,
c8bf5f3f7c69d6319c4d1b607d40bc521b0b3974.html,https://rbfcu-star.azurewebsites.net/(S(2vcih3llgkzxb2zp44tpbk52))/,67,azurewebsites.net,17,0,net,0.0,0.07575757575757576,0.5,-305.10975173723637,3,1,1,6,0.08955223880597014,48,0.7164179104477612,7,0.1044776119402985,0,0,0,4,0.1791044776119403,1,597,204,1,Login - RBFCU STAR,0.0,0.25,0,0,1,2,0,0,4,0,0,0,0,1,1,0,0,0,1,3,4,20,7,7,0,
b07c7ceff74044988cdbd17e3dc4956d1005119a.html,http://schedulecallwithqb.com/,30,schedulecallwithqb.com,22,0,com,0.0,0.10344827586206896,0.5,-136.61630674801617,3,0,1,3,0.1,25,0.8333333333333334,0,0.0,0,0,0,0,0.16666666666666666,0,169,105,1,Appointment Booking,0.0,0.0,0,1,1,1,1,0,2,0,0,0,1,1,0,0,0,0,0,1,3,2,0,0,0,
ff0cdd817d52f9a3c20068f01d460ad64078d2ae.html,http://trx-transactions.app/,28,trx-transactions.app,20,0,app,0.0,0.1111111111111111,0.5,-127.5085529648151,3,0,1,3,0.10714285714285714,22,0.7857142857142857,0,0.0,0,0,0,0,0.21428571428571427,0,0,0,0,,0.0,0.0,0,0,0,0,0,0,0,0,0,0,0,0,0,0,0,0,0,0,0,0,0,0,0,
0e2340d69d1e212206a0a5b0b10d862afb74670f.html,https://kkinstagram.com/p/CwYUXsmMAN_/?img_index=1,50,kkinstagram.com,15,0,com,0.0,0.061224489795918366,0.5,-227.69384458002693,3,0,1,6,0.12,38,0.76,1,0.02,1,1,0,0,0.22,1,169,693,1,Instagram,0.0,0.0,1,0,1,1,1,0,2,0,0,0,0,0,0,0,0,0,0,1,1,4,0,0,0,
8622d0d17fb5142a8f9a6d80706507ea87003b9b.html,http://998706chadmccann-karnsi.crabdance.com/,45,crabdance.com,13,0,com,0.0,0.11363636363636363,0.5,-204.92446012202424,3,1,1,3,0.06666666666666667,32,0.7111111111111111,6,0.13333333333333333,0,0,0,0,0.15555555555555556,0,209,173,1,Checking...,0.0,0.0,0,0,0,0,0,0,0,0,0,0,0,0,0,0,0,0,0,0,0,1,0,0,0,
9a342725bacae6496df0549e7cd8060026ceca4e.html,https://www.lns-europe.cam/vine1/upload/en.php?rand=13InboxLightaspxn.1774256418&fid.4.1252899642&fid=1&fav.1&rand.13InboxLight.aspxn.1774256418&fid.1252899642&fid.1&fav.1&email=eWFob29AeWFob28uY29t&.rand=13InboxLight.aspx?n=1774256418&fid=4,241,lns-europe.cam,14,0,cam,0.0,0.0375,0.5,-1097.484330875735,3,1,1,3,0.012448132780082987,132,0.5477178423236515,69,0.2863070539419087,6,2,10,0,0.16597510373443983,1,65,3143,0,,0.0,0.0,0,0,0,0,0,0,0,0,0,0,0,0,0,0,0,0,0,0,0,4,0,1,0,
d57df4463e7753f253c6e1c9c79205a4331b4750.html,https://comfermt.loophole.site/gat/,35,loophole.site,13,0,site,0.0,0.08823529411764706,0.5,-159.38569120601886,4,1,1,3,0.08571428571428572,28,0.8,0,0.0,0,0,0,0,0.2,1,0,0,0,,0.0,0.0,0,0,0,0,0,0,0,0,0,0,0,0,0,0,0,0,0,0,0,0,0,0,0,
35994fc5f0b40102245dea8d5fed9147196bf090.html,http://dnsflarenetx.sa.com/scss/en/microsoftonline/onedrive/auth,64,sa.com,6,0,com,0.0,0.047619047619047616,0.5,-291.44812106243467,3,1,1,3,0.046875,54,0.84375,0,0.0,0,0,0,0,0.15625,0,0,0,0,,0.0,0.0,0,0,0,0,0,0,0,0,0,0,0,0,0,0,0,0,0,0,0,0,0,0,0,
0945ce1af047cb4e4dc32834d35b946df2f0b713.html,https://mobilebanking.bdosecurity.workers.dev/bdo-form/qrDXBqcPDb4mPde4VkbrKai935GJGsi4khDLNiKEWV,97,workers.dev,11,0,dev,0.0,0.020833333333333332,0.5,-441.72605848525336,3,2,1,3,0.030927835051546393,82,0.845360824742268,6,0.061855670103092786,0,0,0,0,0.09278350515463918,1,0,0,0,,0.0,0.0,0,0,0,0,0,0,0,0,0,0,0,0,0,0,0,0,0,0,0,0,0,0,0,
9c559c0538b2e3b3ada77ad938d53bad65246b10.html,https://whats-xtx.vip/,22,whats-xtx.vip,13,0,vip,0.0,0.09523809523809523,0.5,-100.18529161521187,3,0,1,3,0.13636363636363635,16,0.7272727272727273,0,0.0,0,0,0,0,0.2727272727272727,1,26,134,1,Whats-App,0.25,0.2,0,0,0,0,0,0,0,0,0,0,0,0,0,0,0,0,0,0,2,2,0,0,0,
6cf4560c8022b44d0fd12ef4598273792aaee818.html,https://meta-bitcore.pages.dev/,31,pages.dev,9,0,dev,0.0,0.06666666666666667,0.5,-141.1701836396167,3,1,1,3,0.0967741935483871,24,0.7741935483870968,0,0.0,0,0,0,0,0.22580645161290322,1,0,0,0,,0.0,0.0,0,0,0,0,0,0,0,0,0,0,0,0,0,0,0,0,0,0,0,0,0,0,0,
8cd89455f27fd52d0e84df1781ad3f713cc881ed.html,https://meta-bond-con.pages.dev/,32,pages.dev,9,0,dev,0.0,0.06451612903225806,0.5,-145.72406053121725,3,1,1,3,0.09375,24,0.75,0,0.0,0,0,0,0,0.25,1,0,0,0,,0.0,0.0,0,0,0,0,0,0,0,0,0,0,0,0,0,0,0,0,0,0,0,0,0,0,0,
c51541564125a7725ff85e1ea9b5d2af2a0e6184.html,https://meta-cell-9gy.pages.dev/,32,pages.dev,9,0,dev,0.0,0.0967741935483871,0.5,-145.72406053121725,3,1,1,3,0.09375,23,0.71875,1,0.03125,0,0,0,0,0.25,1,0,0,0,,0.0,0.0,0,0,0,0,0,0,0,0,0,0,0,0,0,0,0,0,0,0,0,0,0,0,0,
d57595587c5e83b61afce8c8d7df11325609b0f9.html,https://meta-clay.pages.dev/,28,pages.dev,9,0,dev,0.0,0.07407407407407407,0.5,-127.5085529648151,3,1,1,3,0.10714285714285714,21,0.75,0,0.0,0,0,0,0,0.25,1,0,0,0,,0.0,0.0,0,0,0,0,0,0,0,0,0,0,0,0,0,0,0,0,0,0,0,0,0,0,0,
8e0fe660fa4512c1ad26aac9797bf34dccc0620a.html,https://meta-codex.pages.dev/,29,pages.dev,9,0,dev,0.0,0.07142857142857142,0.5,-132.06242985641563,3,1,1,3,0.10344827586206896,22,0.7586206896551724,0,0.0,0,0,0,0,0.2413793103448276,1,0,0,0,,0.0,0.0,0,0,0,0,0,0,0,0,0,0,0,0,0,0,0,0,0,0,0,0,0,0,0,
b108e7b5e2ace5af0eae281aa5c3e91b2ab4f4bb.html,https://whats-xtk.vip/,22,whats-xtk.vip,13,0,vip,0.0,0.09523809523809523,0.5,-100.18529161521187,3,0,1,3,0.13636363636363635,16,0.7272727272727273,0,0.0,0,0,0,0,0.2727272727272727,1,0,0,0,,0.0,0.0,0,0,0,0,0,0,0,0,0,0,0,0,0,0,0,0,0,0,0,0,0,0,0,
7e70cd4c3cc47008ae59d3923d7393d745a187fd.html,https://meta-blockhub.pages.dev/,32,pages.dev,9,0,dev,0.0,0.06451612903225806,0.5,-145.72406053121725,3,1,1,3,0.09375,25,0.78125,0,0.0,0,0,0,0,0.21875,1,0,0,0,,0.0,0.0,0,0,0,0,0,0,0,0,0,0,0,0,0,0,0,0,0,0,0,0,0,0,0,
e6c2c418cad21f6ad6f022e385ed64b7d1f96979.html,https://meta-bloomcore.pages.dev/,33,pages.dev,9,0,dev,0.0,0.09375,0.5,-150.27793742281779,3,1,1,3,0.09090909090909091,26,0.7878787878787878,0,0.0,0,0,0,0,0.21212121212121213,1,0,0,0,,0.0,0.0,0,0,0,0,0,0,0,0,0,0,0,0,0,0,0,0,0,0,0,0,0,0,0,
1ba6f7e3e690b20669efa5659c9edd59c72410d5.html,https://meta-codehub.pages.dev/,31,pages.dev,9,0,dev,0.0,0.06666666666666667,0.5,-141.1701836396167,3,1,1,3,0.0967741935483871,24,0.7741935483870968,0,0.0,0,0,0,0,0.22580645161290322,1,0,0,0,,0.0,0.0,0,0,0,0,0,0,0,0,0,0,0,0,0,0,0,0,0,0,0,0,0,0,0,
210882fdbe630a0faa5d1374b9d0ebfa468b957e.html,https://meta-compact-bf5.pages.dev/,35,pages.dev,9,0,dev,0.0,0.058823529411764705,0.5,-159.38569120601886,3,1,1,3,0.08571428571428572,26,0.7428571428571429,1,0.02857142857142857,0,0,0,0,0.22857142857142856,1,0,0,0,,0.0,0.0,0,0,0,0,0,0,0,0,0,0,0,0,0,0,0,0,0,0,0,0,0,0,0,
5c3117f4bd3fe5ccd2b737c6f896626b9ccfa1fa.html,https://meta-beaconx.pages.dev/,31,pages.dev,9,0,dev,0.0,0.06666666666666667,0.5,-141.1701836396167,3,1,1,3,0.0967741935483871,24,0.7741935483870968,0,0.0,0,0,0,0,0.22580645161290322,1,0,0,0,,0.0,0.0,0,0,0,0,0,0,0,0,0,0,0,0,0,0,0,0,0,0,0,0,0,0,0,
8e06fda789588c01bdeedb267e117999e2bd45c8.html,https://meta-band.pages.dev/,28,pages.dev,9,0,dev,0.0,0.07407407407407407,0.5,-127.5085529648151,3,1,1,3,0.10714285714285714,21,0.75,0,0.0,0,0,0,0,0.25,1,0,0,0,,0.0,0.0,0,0,0,0,0,0,0,0,0,0,0,0,0,0,0,0,0,0,0,0,0,0,0,
7f0887ddb013562cbb42ca9a9868c4a9d944dac7.html,https://meta-batch-eu4.pages.dev/,33,pages.dev,9,0,dev,0.0,0.0625,0.5,-150.27793742281779,3,1,1,3,0.09090909090909091,24,0.7272727272727273,1,0.030303030303030304,0,0,0,0,0.24242424242424243,1,0,0,0,,0.0,0.0,0,0,0,0,0,0,0,0,0,0,0,0,0,0,0,0,0,0,0,0,0,0,0,
a6630a6a4cdcb3a00ac98c6c949943feca3f24ae.html,https://meta-consolex-e49.pages.dev/,36,pages.dev,9,0,dev,0.0,0.05714285714285714,0.5,-163.9395680976194,3,1,1,3,0.08333333333333333,26,0.7222222222222222,2,0.05555555555555555,0,0,0,0,0.2222222222222222,1,0,0,0,,0.0,0.0,0,0,0,0,0,0,0,0,0,0,0,0,0,0,0,0,0,0,0,0,0,0,0,
9948f40d06bd3c1aff54d9aeacd507655ea70375.html,https://meta-concept-7uu.pages.dev/,35,pages.dev,9,0,dev,0.0,0.08823529411764706,0.5,-159.38569120601886,3,1,1,3,0.08571428571428572,26,0.7428571428571429,1,0.02857142857142857,0,0,0,0,0.22857142857142856,1,0,0,0,,0.0,0.0,0,0,0,0,0,0,0,0,0,0,0,0,0,0,0,0,0,0,0,0,0,0,0,
4b3086c62d49c05e6aa4e0e40d4f6c6d80f3f513.html,https://metalyx-dynamics.pages.dev/,35,pages.dev,9,0,dev,0.0,0.058823529411764705,0.5,-159.38569120601886,3,1,1,3,0.08571428571428572,28,0.8,0,0.0,0,0,0,0,0.2,1,0,0,0,,0.0,0.0,0,0,0,0,0,0,0,0,0,0,0,0,0,0,0,0,0,0,0,0,0,0,0,
5cacb78a583248fa33a3439dac477466b1f66eb1.html,https://meta-connectx-du1.pages.dev/,36,pages.dev,9,0,dev,0.0,0.08571428571428572,0.5,-163.9395680976194,3,1,1,3,0.08333333333333333,27,0.75,1,0.027777777777777776,0,0,0,0,0.2222222222222222,1,0,0,0,,0.0,0.0,0,0,0,0,0,0,0,0,0,0,0,0,0,0,0,0,0,0,0,0,0,0,0,
dba2adf1b97c2ca2b3a5a0270b37d2470e0c59f7.html,https://business-for-progressvision-hub.pages.dev/,50,pages.dev,9,0,dev,0.0,0.08163265306122448,0.5,-227.69384458002693,3,1,1,3,0.06,41,0.82,0,0.0,0,0,0,0,0.18,1,0,0,0,,0.0,0.0,0,0,0,0,0,0,0,0,0,0,0,0,0,0,0,0,0,0,0,0,0,0,0,
7dee25b41f7d34d20634c02d50b318f24cb0cfab.html,https://metalyx-grid.pages.dev/,31,pages.dev,9,0,dev,0.0,0.06666666666666667,0.5,-141.1701836396167,3,1,1,3,0.0967741935483871,24,0.7741935483870968,0,0.0,0,0,0,0,0.22580645161290322,1,0,0,0,,0.0,0.0,0,0,0,0,0,0,0,0,0,0,0,0,0,0,0,0,0,0,0,0,0,0,0,
b5ffccce9817213847d56f022a1dff78fb4b69a7.html,https://business-for-marketpath-labs.pages.dev/,47,pages.dev,9,0,dev,0.0,0.06521739130434782,0.5,-214.03221390522532,3,1,1,3,0.06382978723404255,38,0.8085106382978723,0,0.0,0,0,0,0,0.19148936170212766,1,0,0,0,,0.0,0.0,0,0,0,0,0,0,0,0,0,0,0,0,0,0,0,0,0,0,0,0,0,0,0,
ed7d67634d41a1fe3b8ff15722a85225959d6eed.html,https://metalyx-stack.pages.dev/,32,pages.dev,9,0,dev,0.0,0.06451612903225806,0.5,-145.72406053121725,3,1,1,3,0.09375,25,0.78125,0,0.0,0,0,0,0,0.21875,1,0,0,0,,0.0,0.0,0,0,0,0,0,0,0,0,0,0,0,0,0,0,0,0,0,0,0,0,0,0,0,
a356a3caabc19dff030ed7e346b712b69b31c5eb.html,https://business-for-corevision-labs-ap1.pages.dev/,51,pages.dev,9,0,dev,0.0,0.06,0.5,-232.24772147162747,3,1,1,3,0.058823529411764705,40,0.7843137254901961,1,0.0196078431372549,0,0,0,0,0.19607843137254902,1,0,0,0,,0.0,0.0,0,0,0,0,0,0,0,0,0,0,0,0,0,0,0,0,0,0,0,0,0,0,0,
f73b0955b0cec85c6d4ad226b81737d9a0883e74.html,https://meta-yernz.pages.dev/,29,pages.dev,9,0,dev,0.0,0.07142857142857142,0.5,-132.06242985641563,3,1,1,3,0.10344827586206896,22,0.7586206896551724,0,0.0,0,0,0,0,0.2413793103448276,1,0,0,0,,0.0,0.0,0,0,0,0,0,0,0,0,0,0,0,0,0,0,0,0,0,0,0,0,0,0,0,
331714fb763b2c4b3e824801f53753c322beb6ae.html,https://business-for-lighthousevision-hub.pages.dev/,52,pages.dev,9,0,dev,0.0,0.058823529411764705,0.5,-236.801598363228,3,1,1,3,0.057692307692307696,43,0.8269230769230769,0,0.0,0,0,0,0,0.17307692307692307,1,0,0,0,,0.0,0.0,0,0,0,0,0,0,0,0,0,0,0,0,0,0,0,0,0,0,0,0,0,0,0,
2fcde4b3bcd83caaa45c836041380db71e758797.html,https://meta-conflux-44g.pages.dev/,35,pages.dev,9,0,dev,0.0,0.08823529411764706,0.5,-159.38569120601886,3,1,1,3,0.08571428571428572,25,0.7142857142857143,2,0.05714285714285714,0,0,0,0,0.22857142857142856,1,0,0,0,,0.0,0.0,0,0,0,0,0,0,0,0,0,0,0,0,0,0,0,0,0,0,0,0,0,0,0,
338ede2ea69d349654bd71b8ecf63b28ad0a97dc.html,https://business-for-forwardforge-labs.pages.dev/,49,pages.dev,9,0,dev,0.0,0.0625,0.5,-223.1399676884264,3,1,1,3,0.061224489795918366,40,0.8163265306122449,0,0.0,0,0,0,0,0.1836734693877551,1,0,0,0,,0.0,0.0,0,0,0,0,0,0,0,0,0,0,0,0,0,0,0,0,0,0,0,0,0,0,0,
341ce661e21982dd44bcd403c402e64d50fa9445.html,https://meta-compose.pages.dev/,31,pages.dev,9,0,dev,0.0,0.06666666666666667,0.5,-141.1701836396167,3,1,1,3,0.0967741935483871,24,0.7741935483870968,0,0.0,0,0,0,0,0.22580645161290322,1,0,0,0,,0.0,0.0,0,0,0,0,0,0,0,0,0,0,0,0,0,0,0,0,0,0,0,0,0,0,0,
5fd1a52c82c326a49a48b356029b475aed18bfd5.html,https://meta-baseline.pages.dev/,32,pages.dev,9,0,dev,0.0,0.06451612903225806,0.5,-145.72406053121725,3,1,1,3,0.09375,25,0.78125,0,0.0,0,0,0,0,0.21875,1,0,0,0,,0.0,0.0,0,0,0,0,0,0,0,0,0,0,0,0,0,0,0,0,0,0,0,0,0,0,0,
59f892b7350cbe7cedf2a239ff59bb81a0e66387.html,https://meta-cogent-ald.pages.dev/,34,pages.dev,9,0,dev,0.0,0.06060606060606061,0.5,-154.83181431441832,3,1,1,3,0.08823529411764706,26,0.7647058823529411,0,0.0,0,0,0,0,0.23529411764705882,1,0,0,0,,0.0,0.0,0,0,0,0,0,0,0,0,0,0,0,0,0,0,0,0,0,0,0,0,0,0,0,
0e1d1a7924cca127331eced5472005a0165cd0bb.html,https://meta-cogni.pages.dev/,29,pages.dev,9,0,dev,0.0,0.07142857142857142,0.5,-132.06242985641563,3,1,1,3,0.10344827586206896,22,0.7586206896551724,0,0.0,0,0,0,0,0.2413793103448276,1,0,0,0,,0.0,0.0,0,0,0,0,0,0,0,0,0,0,0,0,0,0,0,0,0,0,0,0,0,0,0,
70d40753cd03605a43d264201da4827e12fb680e.html,https://meta-cascadehub.pages.dev/,34,pages.dev,9,0,dev,0.0,0.06060606060606061,0.5,-154.83181431441832,3,1,1,3,0.08823529411764706,27,0.7941176470588235,0,0.0,0,0,0,0,0.20588235294117646,1,0,0,0,,0.0,0.0,0,0,0,0,0,0,0,0,0,0,0,0,0,0,0,0,0,0,0,0,0,0,0,
f1df39b23ebbe55dfc1e7c629d83db36187fab17.html,https://meta-cloudux.pages.dev/,31,pages.dev,9,0,dev,0.0,0.06666666666666667,0.5,-141.1701836396167,3,1,1,3,0.0967741935483871,24,0.7741935483870968,0,0.0,0,0,0,0,0.22580645161290322,1,0,0,0,,0.0,0.0,0,0,0,0,0,0,0,0,0,0,0,0,0,0,0,0,0,0,0,0,0,0,0,
c66ef9950c406af94efbfd9df0e4fef72b6fb0f4.html,https://business-for-forwardvision-hub.pages.dev/,49,pages.dev,9,0,dev,0.0,0.0625,0.5,-223.1399676884264,3,1,1,3,0.061224489795918366,40,0.8163265306122449,0,0.0,0,0,0,0,0.1836734693877551,1,0,0,0,,0.0,0.0,0,0,0,0,0,0,0,0,0,0,0,0,0,0,0,0,0,0,0,0,0,0,0,
36fd1107c255b831360f213a00b5793b35e49feb.html,https://meta-faryn.pages.dev/,29,pages.dev,9,0,dev,0.0,0.07142857142857142,0.5,-132.06242985641563,3,1,1,3,0.10344827586206896,22,0.7586206896551724,0,0.0,0,0,0,0,0.2413793103448276,1,0,0,0,,0.0,0.0,0,0,0,0,0,0,0,0,0,0,0,0,0,0,0,0,0,0,0,0,0,0,0,
d28b6a4127805551b5757693bcaae0c4c2914c7d.html,https://meta-dulor-2qt.pages.dev/,33,pages.dev,9,0,dev,0.0,0.0625,0.5,-150.27793742281779,3,1,1,3,0.09090909090909091,24,0.7272727272727273,1,0.030303030303030304,0,0,0,0,0.24242424242424243,1,0,0,0,,0.0,0.0,0,0,0,0,0,0,0,0,0,0,0,0,0,0,0,0,0,0,0,0,0,0,0,
2d7585a9a5c2f2be757063fa4b9f690ce2db6851.html,https://meta-travx-85u.pages.dev/,33,pages.dev,9,0,dev,0.0,0.0625,0.5,-150.27793742281779,3,1,1,3,0.09090909090909091,23,0.696969696969697,2,0.06060606060606061,0,0,0,0,0.24242424242424243,1,0,0,0,,0.0,0.0,0,0,0,0,0,0,0,0,0,0,0,0,0,0,0,0,0,0,0,0,0,0,0,
7be9c4a4f2339ac94c9895e20d72ad40ce255a3c.html,https://whats-xtl.vip/,22,whats-xtl.vip,13,0,vip,0.0,0.09523809523809523,0.5,-100.18529161521187,3,0,1,3,0.13636363636363635,16,0.7272727272727273,0,0.0,0,0,0,0,0.2727272727272727,1,26,134,1,Whats-App,0.25,0.2,0,0,0,0,0,0,0,0,0,0,0,0,0,0,0,0,0,0,2,2,0,0,0,
52de2220b4f197f7cfd605ab45be49c4d10cd00e.html,https://my-acesso-01.dynv6.net/home.php?hash=99059055868f795b2e35227.32822615,77,dynv6.net,9,0,net,0.0,0.09210526315789473,0.5,-350.64852065324203,3,1,1,3,0.03896103896103896,34,0.44155844155844154,31,0.4025974025974026,1,1,0,0,0.15584415584415584,1,0,0,0,,0.0,0.0,0,0,0,0,0,0,0,0,0,0,0,0,0,0,0,0,0,0,0,0,0,0,0,
eb95ceb2fb73c9857092f6d112a2855bb7ac2ec4.html,https://a165c268-8d9a-4f00-ad1d-c7e7743204fb.weweb-preview.io/,62,weweb-preview.io,16,0,io,0.0,0.06557377049180328,0.5,-282.34036727923353,2,1,1,3,0.04838709677419355,31,0.5,20,0.3225806451612903,0,0,0,0,0.1774193548387097,1,0,0,0,,0.0,0.0,0,0,0,0,0,0,0,0,0,0,0,0,0,0,0,0,0,0,0,0,0,0,0,
97932b9f47106b67319156099833e737aad64702.html,https://pavantl9916.github.io/netflix-clone/,44,github.io,9,0,io,0.0,0.06976744186046512,0.5,-200.3705832304237,2,1,1,3,0.06818181818181818,32,0.7272727272727273,4,0.09090909090909091,0,0,0,0,0.18181818181818182,1,272,146,1,Jetflix,0.0,0.0,0,0,1,0,0,0,0,0,0,1,0,0,0,0,0,0,0,17,1,0,0,21,1,
d259abf1b1f39e38f0ada03e94d25f2de0cc9f3b.html,https://2fasecurity.icu/,24,2fasecurity.icu,15,0,icu,0.0,0.08695652173913043,0.5,-109.29304539841294,3,0,1,3,0.125,18,0.75,1,0.041666666666666664,0,0,0,0,0.20833333333333334,1,0,0,0,,0.0,0.0,0,0,0,0,0,0,0,0,0,0,0,0,0,0,0,0,0,0,0,0,0,0,0,
3bce46c9f9dc429b6050abc50faac60d82a9b4fe.html,https://neheta.github.io/Netflix-Clone/,39,github.io,9,0,io,0.0,0.05263157894736842,0.5,-177.60119877242101,2,1,1,3,0.07692307692307693,31,0.7948717948717948,0,0.0,0,0,0,0,0.20512820512820512,1,184,269,1,Document,0.0,0.0,0,0,1,0,0,0,0,0,0,0,0,0,0,0,0,0,0,7,2,0,0,16,0,
fbc979b5b78d28ffa05077928ee8635dca0931fd.html,https://cqfzz.cn/xzswa,22,cqfzz.cn,8,0,cn,0.0,0.14285714285714285,0.5,-100.18529161521187,2,0,1,3,0.13636363636363635,17,0.7727272727272727,0,0.0,0,0,0,0,0.22727272727272727,1,23,75,0,,0.0,0.0,1,1,1,1,1,1,0,0,0,0,0,0,0,0,0,0,0,0,1,1,0,0,0,
27b7f23859127df149fd1f8c7dc886c8222696f4.html,http://owxzaoppcq.duckdns.org/en/,33,duckdns.org,11,0,org,0.0,0.09375,0.5,-150.27793742281779,3,1,1,3,0.09090909090909091,26,0.7878787878787878,0,0.0,0,0,0,0,0.21212121212121213,0,26,265,0,,0.0,0.0,1,0,1,0,0,0,0,0,0,0,0,0,0,0,0,0,0,0,3,5,0,0,0,
